age,monthly_income,employment_type,credit_score,loan_amount,loan_purpose,existing_emis,dti,loan_tenure,bank_behavior,eligible
60,190251,Salaried,414,235846,Education,32525,17.1,60,23.9,1
50,132961,Salaried,517,3468258,Home,29030,21.83,84,32.9,1
36,55379,Salaried,405,651516,Home,44067,79.57,48,0,0
29,32297,Salaried,827,3186676,Car,5207,16.12,120,89.5,1
42,17011,Salaried,771,3342025,Car,76433,100,120,91.1,0
60,135234,Salaried,686,3605637,Car,26639,19.7,240,70.9,1
40,59014,Self-Employed,525,3530069,Business,2792,4.73,84,43.5,0
44,157810,Salaried,780,4287325,Education,420,0.27,12,81.3,1
32,109333,Salaried,707,4625363,Home,19198,17.56,240,75,1
32,193570,Salaried,756,2296485,Education,35608,18.4,240,78.4,1
45,26120,Salaried,320,470594,Education,46205,100,60,0,0
57,154839,Salaried,502,3050758,Car,17875,11.54,120,40.8,1
61,37852,Salaried,716,979441,Car,70511,100,12,62.4,0
45,94239,Self-Employed,715,3262058,Education,21331,22.64,48,69.7,1
24,147001,Salaried,747,752726,Car,16893,11.49,48,80.4,1
43,106575,Salaried,811,908754,Business,64913,60.91,60,79.2,1
23,110040,Salaried,384,2716753,Home,18243,16.58,84,6.1,0
45,163510,Salaried,466,2381881,Education,15535,9.5,48,31.5,1
51,194587,Salaried,683,1387752,Home,63203,32.48,84,54.9,1
59,20744,Self-Employed,767,1583755,Business,70597,100,120,76.3,0
23,188489,Salaried,371,1091431,Car,67394,35.75,36,20.9,0
42,153141,Self-Employed,820,4043870,Personal,25489,16.64,240,99.7,1
54,57359,Self-Employed,772,3544029,Business,79214,100,180,64.4,0
33,165871,Self-Employed,557,492037,Personal,13346,8.05,12,41.1,1
43,113746,Salaried,574,4272669,Home,48005,42.2,24,55.8,1
46,135906,Salaried,319,3727264,Education,6773,4.98,24,0,0
48,22597,Salaried,789,3200097,Car,75324,100,240,87.8,0
49,62093,Salaried,789,2604131,Business,32343,52.09,240,88.4,1
37,183298,Salaried,625,1913613,Car,74783,40.8,240,49.3,1
36,129650,Self-Employed,828,1934624,Personal,45963,35.45,12,91.4,1
24,172489,Salaried,388,2513015,Personal,41983,24.34,120,18.6,1
58,164765,Salaried,785,1655919,Education,35972,21.83,36,88.1,1
28,135956,Salaried,649,3919819,Personal,16959,12.47,240,45.2,1
42,130598,Salaried,383,2107067,Education,34133,26.14,180,24.2,0
30,199233,Salaried,686,319594,Business,51150,25.67,36,69.8,1
60,148241,Self-Employed,386,2620419,Education,21734,14.66,12,5.3,0
39,168124,Self-Employed,606,100272,Personal,17400,10.35,240,50,1
25,23036,Self-Employed,453,1103886,Home,20002,86.83,12,32.2,0
46,46778,Self-Employed,739,536160,Education,36492,78.01,36,64.5,0
35,173806,Self-Employed,563,4226432,Car,30875,17.76,84,36.4,1
30,169245,Salaried,720,790176,Home,25046,14.8,84,70.1,1
47,176475,Self-Employed,792,4326945,Education,23664,13.41,48,78.5,1
23,152416,Salaried,710,1638321,Car,24453,16.04,24,70.3,1
41,33800,Salaried,472,2189463,Home,4746,14.04,84,35.3,0
49,40372,Salaried,303,4117212,Education,13217,32.74,60,2.7,0
28,76516,Salaried,771,1542669,Business,63184,82.58,84,78.4,1
29,35538,Salaried,409,409571,Car,41835,100,120,24.8,0
56,78918,Salaried,336,2540390,Business,9133,11.57,240,5.2,0
35,161045,Salaried,882,837560,Personal,40533,25.17,120,91,1
38,86155,Self-Employed,330,2196081,Education,5404,6.27,48,14.2,0
57,74500,Salaried,680,2593250,Education,33339,44.75,60,44,1
61,182647,Salaried,567,3497822,Car,28725,15.73,84,45,1
25,188333,Salaried,310,133576,Education,74332,39.47,240,0,0
23,125659,Salaried,643,2167709,Personal,45380,36.11,60,49.8,1
27,42716,Self-Employed,843,2693265,Education,48073,100,60,92.9,0
25,149308,Salaried,868,4280384,Home,60873,40.77,120,98.3,1
50,161920,Salaried,465,4224865,Business,41341,25.53,24,20.9,0
39,17352,Self-Employed,641,3978831,Personal,1236,7.12,36,45.7,0
47,148004,Self-Employed,781,2027247,Personal,67916,45.89,24,69.7,1
55,91449,Salaried,318,4738148,Business,14538,15.9,24,17.5,0
31,23556,Self-Employed,483,1665271,Business,11971,50.82,36,45.9,0
57,101836,Salaried,844,3316011,Personal,38655,37.96,84,90.9,1
35,151570,Salaried,309,4257642,Business,77022,50.82,60,0,0
52,65098,Salaried,891,650577,Car,60784,93.37,60,97.3,1
36,127169,Self-Employed,491,228982,Business,61289,48.19,24,14.2,0
29,155641,Salaried,619,4113189,Home,37410,24.04,24,55.7,1
35,141060,Salaried,879,3068110,Home,51302,36.37,12,88.5,1
44,145544,Salaried,774,3544412,Car,21703,14.91,36,69.3,1
61,15340,Salaried,726,4174029,Business,44191,100,120,78.8,0
42,190021,Salaried,358,3690503,Home,54112,28.48,60,8.4,0
37,97302,Self-Employed,735,4688157,Education,11399,11.72,120,79.4,1
39,15138,Salaried,396,4905013,Business,12685,83.8,240,25.7,0
45,146430,Salaried,795,876395,Car,4487,3.06,84,81.8,1
47,134619,Self-Employed,577,649223,Business,12018,8.93,24,46.1,1
46,100376,Salaried,564,3909880,Personal,30825,30.71,12,52.5,1
50,114931,Salaried,308,2947270,Personal,7750,6.74,12,0,0
36,176726,Salaried,756,1162104,Home,58956,33.36,240,85.2,1
22,171951,Salaried,572,1722675,Personal,50229,29.21,84,29.1,1
46,96532,Salaried,307,558907,Car,43118,44.67,84,0,0
28,70778,Salaried,507,3480659,Home,59615,84.23,48,36,0
30,52772,Salaried,422,982280,Car,79946,100,24,10.7,0
45,73478,Salaried,332,427757,Car,57290,77.97,36,8.3,0
22,41762,Self-Employed,812,2859939,Personal,15105,36.17,36,86.7,1
29,159355,Self-Employed,503,3980157,Personal,18913,11.87,180,28,1
45,185492,Self-Employed,817,3300615,Car,49515,26.69,84,80,1
32,70568,Self-Employed,816,3256814,Personal,47342,67.09,120,79,0
38,100090,Salaried,742,3035815,Personal,52184,52.14,240,61.1,1
29,35219,Self-Employed,891,3451222,Personal,60506,100,12,100,1
56,72169,Salaried,638,2656041,Business,24967,34.6,24,54.7,0
56,89965,Self-Employed,737,3783324,Car,36023,40.04,240,62,0
54,192912,Salaried,744,2425093,Education,54288,28.14,60,73,1
26,190767,Salaried,435,4215767,Car,26622,13.96,48,24.4,1
60,99754,Self-Employed,686,3463174,Home,45201,45.31,12,57.8,0
49,92988,Self-Employed,324,2603540,Personal,75033,80.69,240,1.1,0
28,165023,Salaried,805,4806651,Personal,16350,9.91,240,94.6,1
30,147379,Self-Employed,624,4376284,Education,54820,37.2,48,44.7,1
29,95388,Salaried,637,3669603,Home,48709,51.06,240,51.5,0
33,105768,Salaried,394,2291101,Business,27470,25.97,12,0,0
55,50428,Salaried,844,3151627,Car,30889,61.25,60,100,1
54,107021,Salaried,445,2326632,Business,10224,9.55,12,29.4,1
44,133418,Self-Employed,530,3284499,Home,5465,4.1,48,37.9,1
45,185047,Self-Employed,794,141665,Education,55214,29.84,60,76.6,1
58,147212,Self-Employed,337,4025220,Home,2944,2,36,0,0
56,170914,Salaried,724,3999349,Education,24336,14.24,24,68.5,1
61,41421,Self-Employed,736,2013439,Business,38624,93.25,84,76.6,0
43,16708,Salaried,667,1708931,Business,65206,100,36,52.7,0
48,149702,Self-Employed,644,2884503,Home,44764,29.9,12,53.6,1
56,165667,Salaried,459,4515108,Home,45420,27.42,60,33.4,1
22,91021,Salaried,849,2631243,Personal,65671,72.15,24,100,1
56,174380,Self-Employed,840,4374213,Education,15773,9.05,24,94.3,1
58,59789,Salaried,443,2596210,Personal,26447,44.23,48,18.5,0
35,41086,Salaried,887,4384992,Car,4033,9.82,48,96.6,1
24,31859,Salaried,875,1174552,Car,55852,100,48,99.1,1
22,22684,Salaried,644,1278386,Home,20497,90.36,120,55,0
26,106088,Salaried,568,3470979,Business,79714,75.14,12,50.4,0
47,147279,Salaried,567,3814198,Car,72082,48.94,180,38.7,1
35,61099,Salaried,468,4523391,Car,73932,100,240,40.9,0
60,81093,Salaried,332,1970759,Personal,20978,25.87,84,4.6,0
48,175761,Self-Employed,676,2681550,Personal,12882,7.33,48,57.6,1
30,63651,Salaried,513,2646016,Car,16945,26.62,84,40.2,0
36,28893,Self-Employed,861,2103171,Home,56485,100,120,85.7,0
36,81418,Self-Employed,739,1377182,Personal,68850,84.56,84,74.4,1
47,140074,Salaried,791,3537104,Car,59870,42.74,12,93,1
34,118065,Self-Employed,692,759441,Business,18595,15.75,60,55.6,1
53,145351,Self-Employed,788,496015,Personal,64038,44.06,180,90.9,1
60,53635,Self-Employed,328,2738007,Car,56126,100,180,0,0
53,110071,Salaried,338,2629669,Education,35449,32.21,240,12.9,0
25,93518,Salaried,472,3902312,Personal,18639,19.93,48,21.1,0
51,121233,Salaried,316,4037400,Education,45370,37.42,84,12.2,0
58,118651,Salaried,355,4393244,Personal,74628,62.9,120,4.6,0
44,87805,Salaried,525,1043477,Personal,71918,81.91,60,34.6,0
60,174136,Salaried,857,2490285,Education,42710,24.53,180,85.3,1
36,137813,Self-Employed,366,3217950,Home,54051,39.22,36,0,0
50,94063,Self-Employed,496,4324098,Car,60639,64.47,180,23.5,0
57,17454,Salaried,322,1686788,Home,3159,18.1,60,0,0
34,35878,Salaried,536,4868446,Home,71192,100,12,23,0
53,197170,Salaried,865,4060673,Car,66988,33.97,84,96.5,1
28,159063,Self-Employed,437,834326,Business,18706,11.76,24,35,0
43,83344,Self-Employed,772,2512282,Home,9862,11.83,120,93,1
49,119946,Salaried,852,920181,Home,10219,8.52,240,82.7,1
23,51593,Salaried,528,4477431,Home,34536,66.94,36,37.1,0
27,51304,Salaried,616,4234001,Business,71632,100,48,62,0
49,176458,Salaried,897,3337023,Personal,77391,43.86,48,89,1
49,128613,Salaried,860,1954400,Education,62886,48.9,48,100,1
41,167155,Self-Employed,500,4172758,Education,79996,47.86,36,43.1,0
51,33354,Self-Employed,557,1897669,Business,33937,100,60,27.3,0
32,37190,Self-Employed,779,4578166,Home,21094,56.72,240,61,0
49,21142,Self-Employed,477,2857747,Education,27924,100,180,26.3,0
46,174470,Salaried,422,4514418,Business,123,0.07,24,27.8,1
60,198043,Salaried,641,3689342,Car,53149,26.84,240,44.7,1
54,56862,Self-Employed,470,2792366,Education,71445,100,24,12,0
22,199482,Self-Employed,358,4263720,Car,31854,15.97,120,10.2,1
48,165575,Salaried,764,526684,Home,60796,36.72,60,82.4,1
34,140438,Salaried,559,752356,Education,69432,49.44,120,37.7,0
24,63456,Salaried,672,1959103,Business,58968,92.93,60,57.2,0
60,115167,Salaried,394,2147216,Personal,40834,35.46,84,20.7,0
27,97035,Salaried,424,4313139,Education,17111,17.63,180,13.7,0
29,23016,Salaried,340,1300033,Education,72575,100,12,0.3,0
48,17384,Salaried,553,1502847,Education,24099,100,12,44.4,0
30,161144,Salaried,306,2788356,Education,69206,42.95,60,4.1,0
58,117239,Self-Employed,770,4064676,Business,50293,42.9,12,76.5,1
54,126431,Salaried,810,1293922,Business,15029,11.89,36,96.9,1
45,95018,Self-Employed,880,3051878,Personal,31811,33.48,240,100,1
36,55510,Salaried,368,1223290,Business,15793,28.45,120,8.5,0
53,195005,Self-Employed,380,1015730,Business,48106,24.67,84,3,0
53,36826,Salaried,841,3751351,Home,972,2.64,180,98.1,1
45,83026,Self-Employed,884,3246275,Home,360,0.43,180,100,1
33,136668,Salaried,561,4989113,Car,2632,1.93,84,42.7,1
60,171590,Self-Employed,388,4517443,Personal,35958,20.96,48,16.9,0
23,39045,Self-Employed,507,499704,Home,18008,46.12,48,40.1,0
24,196948,Salaried,512,1101207,Personal,77656,39.43,48,48.2,1
58,105102,Salaried,565,187039,Personal,30283,28.81,84,51.3,1
38,66919,Salaried,592,4833063,Education,50908,76.07,12,52.2,0
23,114441,Salaried,506,1977124,Personal,7818,6.83,24,41.8,1
23,173175,Salaried,632,4927733,Education,70655,40.8,84,64.5,1
49,182260,Salaried,376,3309654,Car,30579,16.78,12,14.8,1
44,151917,Salaried,587,371345,Car,55178,36.32,240,55.2,1
58,182746,Salaried,346,916525,Car,57584,31.51,84,2.3,1
53,133325,Salaried,499,497564,Education,65020,48.77,120,41.4,0
54,34337,Salaried,726,3737894,Education,975,2.84,12,65.7,1
22,168385,Salaried,509,4327404,Car,63479,37.7,180,26.8,1
40,173015,Salaried,719,1547212,Education,16265,9.4,60,68.8,1
23,92949,Salaried,453,2641460,Business,63518,68.34,60,14.8,0
47,15276,Salaried,821,1321635,Business,4318,28.27,84,82.1,1
53,66151,Self-Employed,714,3763184,Education,35081,53.03,120,72,0
27,163683,Salaried,652,1348972,Education,58649,35.83,120,60.9,1
53,158016,Salaried,456,2464158,Home,43069,27.26,60,31.1,1
25,67887,Salaried,560,2140114,Home,78670,100,12,48.6,0
32,96442,Self-Employed,376,78004,Personal,76377,79.19,240,15.7,0
38,64847,Self-Employed,787,856903,Personal,12427,19.16,84,74.4,1
59,73653,Self-Employed,430,574252,Personal,40251,54.65,240,29.1,0
45,71622,Self-Employed,878,2763260,Car,25165,35.14,48,95.5,1
26,42810,Salaried,754,3386967,Business,67285,100,24,77.6,0
55,92842,Salaried,462,3822245,Car,64927,69.93,36,27.8,0
27,137225,Salaried,314,527044,Education,73170,53.32,48,14.9,0
43,25503,Self-Employed,531,2998892,Home,76150,100,180,28.9,0
32,99761,Self-Employed,494,1444689,Education,24866,24.93,36,29.6,0
37,183048,Self-Employed,841,1078464,Education,10282,5.62,180,94.4,1
54,141439,Salaried,658,1680188,Home,20319,14.37,84,59.8,1
30,26590,Self-Employed,630,196539,Education,36726,100,48,51.1,0
27,156958,Salaried,726,3162211,Personal,15412,9.82,120,55.7,1
37,158938,Salaried,796,3795971,Home,73586,46.3,60,80.4,1
50,81624,Salaried,785,2294900,Education,24583,30.12,60,83.7,1
24,178864,Salaried,748,4931178,Personal,61922,34.62,240,79,1
41,155836,Salaried,712,4791242,Personal,6185,3.97,36,67.3,1
57,135356,Self-Employed,629,2497586,Business,56389,41.66,48,56.3,1
40,57727,Salaried,446,3273429,Personal,17423,30.18,60,15.2,0
47,93471,Salaried,558,2376316,Car,51268,54.85,12,46.1,0
24,23068,Salaried,591,2806241,Home,41644,100,120,48.6,0
40,131923,Salaried,442,4799943,Home,36786,27.88,180,25,0
41,153367,Self-Employed,664,4924010,Home,75525,49.24,84,58.9,0
53,187232,Self-Employed,389,1220025,Education,30477,16.28,240,16.5,1
28,26390,Self-Employed,463,4845292,Education,3571,13.53,36,32.2,0
54,121752,Self-Employed,780,809774,Car,19576,16.08,24,82,1
61,166203,Self-Employed,383,3989115,Personal,62703,37.73,60,0,0
60,109754,Salaried,376,2081722,Education,9680,8.82,240,14.9,0
39,90969,Self-Employed,816,4681813,Personal,25706,28.26,12,82.9,1
61,161110,Salaried,784,766696,Personal,79854,49.56,12,75,1
22,198399,Salaried,889,858094,Education,64527,32.52,36,100,1
32,92064,Salaried,898,3726424,Education,70565,76.65,36,92.2,1
49,36281,Self-Employed,403,313369,Car,48436,100,60,10.6,0
46,69189,Self-Employed,751,979700,Business,2774,4.01,48,57.2,1
44,63511,Salaried,786,1640143,Home,16972,26.72,84,92.5,1
52,137115,Self-Employed,638,821668,Education,14048,10.25,180,63.5,1
51,23605,Self-Employed,865,4167472,Education,76680,100,180,91.5,0
56,115318,Salaried,777,1602151,Personal,57602,49.95,48,84.4,1
28,147453,Salaried,522,219259,Business,66403,45.03,12,19.2,0
37,34810,Self-Employed,308,2394297,Education,27182,78.09,120,5.1,0
47,170394,Salaried,352,2457777,Business,79876,46.88,84,1.8,0
23,56869,Salaried,376,1143128,Home,77373,100,60,26.1,0
22,47955,Salaried,802,249041,Personal,47059,98.13,48,86.6,1
33,76388,Salaried,615,2933309,Car,8787,11.5,84,53.5,1
26,25207,Self-Employed,464,1498650,Home,393,1.56,180,20.8,0
58,174292,Self-Employed,578,779846,Business,61775,35.44,84,39.8,1
53,37031,Self-Employed,326,124474,Business,59454,100,36,9.1,0
30,95807,Self-Employed,369,1863318,Home,12056,12.58,240,4.9,0
56,86312,Self-Employed,517,3519327,Business,61483,71.23,36,29.2,0
40,74766,Self-Employed,664,4822832,Car,44957,60.13,48,71.9,0
37,158521,Salaried,605,2484092,Car,28429,17.93,60,53.1,1
24,104833,Salaried,423,4036752,Business,45909,43.79,24,11.7,0
41,126041,Salaried,318,1883610,Business,52906,41.98,24,7.4,0
45,131185,Self-Employed,556,3580053,Car,44389,33.84,84,40.4,0
54,192164,Salaried,595,2399203,Business,20905,10.88,24,35,1
45,25350,Salaried,321,4160690,Education,53730,100,12,0,0
32,115859,Salaried,749,1680910,Personal,57557,49.68,180,66.4,1
29,83487,Self-Employed,851,4113627,Education,66199,79.29,12,93.9,0
57,163694,Self-Employed,849,758029,Business,47301,28.9,84,86.3,1
59,138853,Salaried,347,2813357,Business,47259,34.04,12,8.6,0
61,68117,Self-Employed,886,1116970,Personal,74801,100,180,100,1
41,116084,Salaried,482,3027577,Business,4574,3.94,60,49.2,1
56,38782,Salaried,734,3255060,Personal,56776,100,36,88.2,0
46,43454,Self-Employed,406,1266953,Car,24737,56.93,60,19.5,0
56,82904,Salaried,487,3238356,Personal,23390,28.21,12,30.7,0
46,144936,Self-Employed,385,2954936,Personal,52330,36.11,12,9.4,0
50,161664,Salaried,755,1578474,Education,71082,43.97,48,62.7,1
39,168245,Salaried,436,919403,Business,53642,31.88,240,4.4,1
39,179276,Self-Employed,635,1269034,Car,21280,11.87,240,49.1,1
23,181668,Salaried,768,3036611,Home,21037,11.58,12,91.1,1
56,180396,Self-Employed,870,500281,Personal,40576,22.49,36,100,1
37,137258,Self-Employed,702,956644,Home,28564,20.81,48,67.6,1
57,126668,Salaried,839,4723024,Business,28087,22.17,24,93.6,1
54,139184,Salaried,371,3204267,Personal,76213,54.76,120,7,0
25,176822,Salaried,323,4376639,Home,12803,7.24,36,3.6,1
54,31566,Salaried,784,4035977,Education,46002,100,12,74.5,0
35,153262,Salaried,355,3436038,Home,66761,43.56,12,2.9,0
42,53333,Salaried,522,3402601,Education,71310,100,36,41.9,0
41,136929,Salaried,478,3506979,Car,78579,57.39,84,24.8,0
29,104571,Salaried,733,3062824,Business,16163,15.46,48,76.1,1
28,135263,Self-Employed,749,1460375,Home,68380,50.55,12,73.7,1
24,147661,Self-Employed,791,630420,Personal,72883,49.36,120,93.2,1
38,40235,Self-Employed,488,4349798,Business,51885,100,24,35.8,0
54,15159,Salaried,877,1937987,Home,36764,100,60,98.1,0
33,158217,Self-Employed,719,4832389,Personal,62126,39.27,180,58.4,1
43,177993,Salaried,548,3247526,Personal,67224,37.77,120,37.4,1
43,119859,Self-Employed,887,3867738,Personal,47055,39.26,180,97.4,1
51,162309,Self-Employed,463,1368154,Personal,51599,31.79,84,27.6,0
59,122507,Salaried,554,866460,Home,78040,63.7,120,47.6,0
59,154316,Self-Employed,775,3786574,Car,39720,25.74,240,80.8,1
29,29743,Self-Employed,716,2214725,Education,44484,100,84,61.1,0
48,61101,Self-Employed,469,2614660,Education,38852,63.59,240,32.9,0
48,136534,Self-Employed,616,4589427,Education,13219,9.68,24,49,1
55,99227,Salaried,473,328747,Car,48865,49.25,24,23.7,0
42,86126,Salaried,769,2475237,Personal,54457,63.23,24,69.3,1
51,71071,Salaried,644,4286901,Personal,36817,51.8,84,54.5,0
54,89763,Self-Employed,744,920670,Business,68993,76.86,24,69.5,0
49,158309,Salaried,317,4680239,Education,52380,33.09,36,12.1,0
54,161721,Self-Employed,369,1402471,Education,50400,31.16,180,9.4,0
26,183785,Salaried,637,4331282,Personal,36258,19.73,180,60.4,1
40,191481,Salaried,891,3475565,Education,48957,25.57,48,84.1,1
25,194838,Salaried,826,3364497,Personal,18281,9.38,240,93.6,1
56,61154,Self-Employed,755,2503820,Personal,77264,100,180,81,0
38,22016,Salaried,568,1930414,Personal,51331,100,12,33,0
49,194760,Salaried,487,288078,Home,45680,23.45,180,24.2,1
51,104678,Salaried,868,3435868,Home,38723,36.99,12,89.4,1
50,127056,Salaried,828,3863209,Home,10162,8,48,86.4,1
27,69238,Salaried,733,2935201,Home,51095,73.8,84,66.5,0
56,73608,Self-Employed,587,93016,Car,11338,15.4,120,45.9,0
58,104081,Salaried,866,2591040,Business,11675,11.22,48,99.6,1
45,177969,Salaried,798,1384996,Business,20080,11.28,180,78.5,1
50,65961,Self-Employed,740,3530112,Personal,13936,21.13,180,75.7,1
52,190829,Self-Employed,602,3039876,Education,10019,5.25,240,51.7,1
56,41917,Salaried,386,1285383,Home,67282,100,84,0,0
54,168808,Salaried,737,3737975,Business,49681,29.43,48,66.4,1
42,42990,Self-Employed,840,3748538,Business,73861,100,24,97.9,0
53,77551,Self-Employed,321,76567,Home,4486,5.78,120,0,0
44,168512,Self-Employed,859,3649467,Car,79864,47.39,36,84.6,1
54,181277,Salaried,816,1161284,Car,19112,10.54,36,94.3,1
24,95811,Salaried,802,2273358,Business,51697,53.96,36,84.9,1
39,70103,Self-Employed,766,4791152,Car,55998,79.88,48,89.3,0
46,187699,Salaried,400,3845788,Home,26576,14.16,24,12.9,1
52,121122,Salaried,882,511365,Business,50100,41.36,60,100,1
24,34008,Self-Employed,440,2383261,Home,21320,62.69,36,16.2,0
61,47402,Self-Employed,437,2643103,Car,65729,100,60,2.3,0
45,199456,Salaried,877,2238409,Home,29144,14.61,120,100,1
53,151865,Self-Employed,527,578742,Car,57326,37.75,240,42.4,0
43,151643,Salaried,580,4481449,Car,77148,50.87,24,52,1
44,162281,Salaried,730,72873,Home,19307,11.9,240,70,1
23,128550,Self-Employed,339,1374447,Car,60598,47.14,84,18.2,0
48,189220,Salaried,818,4837662,Personal,19623,10.37,84,93.3,1
23,106218,Salaried,510,4472801,Home,20249,19.06,36,41.6,1
47,148296,Self-Employed,601,4885805,Personal,73765,49.74,240,51.1,0
38,194767,Salaried,385,755339,Home,72131,37.03,48,3.4,1
61,135779,Salaried,696,1283548,Car,38377,28.26,60,66.5,1
54,144714,Self-Employed,552,4828391,Car,52365,36.19,36,44.9,1
30,47441,Self-Employed,832,2767569,Business,34551,72.83,60,100,0
60,185201,Self-Employed,680,3610274,Business,42926,23.18,180,65.5,1
50,77368,Self-Employed,743,1762238,Personal,38599,49.89,180,65.5,1
47,107122,Salaried,332,2094523,Car,22593,21.09,180,9.1,0
56,59760,Self-Employed,559,4613736,Business,60334,100,84,53.2,0
46,38478,Salaried,533,293761,Car,59893,100,12,52.5,0
45,142881,Self-Employed,814,1040221,Home,42636,29.84,84,84.8,1
34,86854,Salaried,607,4487125,Business,69225,79.7,120,49.6,0
28,109230,Salaried,369,3747235,Personal,40363,36.95,240,0.2,0
57,100716,Salaried,753,485485,Business,55959,55.56,180,70.7,1
41,158252,Salaried,738,1738120,Car,1120,0.71,180,76.5,1
22,113538,Self-Employed,663,3405455,Education,16491,14.52,120,48.3,1
29,30372,Salaried,780,2023744,Education,43638,100,24,96.4,0
37,44796,Salaried,443,4404657,Car,39062,87.2,12,21,0
35,113826,Salaried,323,1880927,Home,5193,4.56,24,4.8,0
33,135592,Salaried,724,2572189,Business,15213,11.22,84,73.4,1
44,108635,Self-Employed,474,992151,Education,79766,73.43,24,38,0
36,126022,Self-Employed,624,526015,Home,17187,13.64,48,56.1,1
49,69040,Self-Employed,647,926611,Car,10040,14.54,36,49.3,1
55,90357,Self-Employed,317,387088,Home,66302,73.38,84,6.2,0
23,93356,Self-Employed,343,3477495,Car,29949,32.08,180,16.2,0
53,31211,Salaried,454,4120936,Business,3527,11.3,84,18.5,0
44,120426,Self-Employed,676,405970,Home,76557,63.57,24,69.1,0
43,20842,Self-Employed,701,4458421,Business,77294,100,60,68.9,0
46,81852,Salaried,524,1836741,Home,18757,22.92,84,38.1,1
43,140737,Self-Employed,516,3306101,Car,25412,18.06,240,30.9,0
43,60968,Self-Employed,867,2022645,Car,14312,23.47,84,92.7,1
27,32508,Salaried,330,4201235,Home,22119,68.04,60,8.5,0
36,168077,Salaried,358,4494279,Car,11804,7.02,12,6.3,1
58,69575,Salaried,652,4049634,Personal,53986,77.59,60,50.8,0
54,165043,Self-Employed,744,2765366,Personal,46545,28.2,60,65.8,1
29,171671,Self-Employed,534,487538,Business,76519,44.57,84,41.2,0
26,81914,Salaried,406,2274615,Personal,29999,36.62,120,21.6,0
60,82055,Self-Employed,490,1200112,Personal,39758,48.45,48,31.1,0
25,102697,Salaried,829,856560,Education,69519,67.69,120,100,1
27,121239,Salaried,882,1350557,Education,3768,3.11,60,83.4,1
53,138106,Self-Employed,865,3526873,Education,1504,1.09,84,97.2,1
51,20355,Self-Employed,544,836872,Education,67986,100,48,25.9,0
56,69120,Salaried,375,2077035,Car,76772,100,180,11.7,0
61,53342,Salaried,846,4424989,Business,8002,15,240,93,1
37,17257,Salaried,566,1746355,Business,75427,100,24,42.9,0
34,42364,Salaried,616,3693003,Personal,38787,91.56,48,37,0
51,171044,Salaried,420,810416,Business,13898,8.13,180,19.2,1
40,126715,Salaried,324,1098581,Personal,10472,8.26,180,4,0
38,41654,Salaried,731,1579451,Business,32632,78.34,240,79,0
40,96423,Salaried,459,852914,Home,33743,34.99,36,15.1,0
49,44320,Salaried,895,2901341,Home,78538,100,12,100,1
47,35808,Salaried,413,1301521,Business,43386,100,240,0,0
58,67389,Self-Employed,801,3547859,Car,43388,64.38,12,73.1,0
47,133581,Self-Employed,465,2369474,Personal,21323,15.96,36,28.9,0
44,142927,Salaried,474,3470929,Business,69269,48.46,36,31.5,0
30,49773,Salaried,300,4312911,Personal,41319,83.01,240,12.1,0
33,197240,Salaried,385,1388223,Education,67759,34.35,12,15.7,1
22,173819,Salaried,873,3612709,Business,16868,9.7,120,94.7,1
22,91396,Salaried,619,3296824,Car,2080,2.28,24,56.7,1
55,122692,Salaried,700,3184122,Education,13776,11.23,120,47.9,1
53,72505,Salaried,681,3766628,Business,66231,91.35,12,55.4,0
46,100896,Self-Employed,617,3457266,Home,55452,54.96,180,43.4,0
61,33135,Salaried,549,4328639,Business,53812,100,24,49.1,0
22,105887,Salaried,824,667300,Home,63271,59.75,36,97.7,1
37,137118,Self-Employed,854,4326052,Home,77585,56.58,180,100,1
60,62377,Salaried,555,4122660,Business,58542,93.85,36,47.1,0
26,169626,Salaried,606,4931083,Business,15628,9.21,12,58.1,1
43,77491,Salaried,443,3260923,Home,8265,10.67,240,24.6,0
50,73283,Salaried,690,2876207,Personal,24671,33.67,180,61,1
24,31923,Self-Employed,468,4545590,Education,12460,39.03,48,19.4,0
33,62591,Salaried,597,2932760,Car,3477,5.56,180,40.1,1
47,77261,Salaried,532,3267268,Business,2202,2.85,60,27.7,1
37,69336,Salaried,570,1943959,Education,11850,17.09,36,50.8,1
58,89083,Salaried,359,1875779,Education,20809,23.36,12,6.6,0
43,75948,Self-Employed,595,4379266,Personal,70886,93.33,60,43.4,0
50,179074,Self-Employed,766,2999271,Education,2806,1.57,84,61.4,1
35,41672,Salaried,534,2193781,Business,7163,17.19,48,31.7,0
49,19213,Salaried,533,2839879,Education,185,0.96,120,36.5,1
26,156365,Salaried,667,4191042,Business,24718,15.81,36,48.9,1
51,77507,Self-Employed,531,1569546,Business,77081,99.45,120,59.8,0
26,72134,Salaried,790,2105408,Home,56202,77.91,12,70.9,1
33,148172,Salaried,802,1429233,Personal,25215,17.02,120,92.9,1
37,43172,Salaried,891,3802778,Car,28325,65.61,12,97.5,1
47,35132,Salaried,680,3355822,Home,18458,52.54,12,58.8,0
47,33199,Salaried,727,3253669,Car,16006,48.21,24,69.2,0
42,51609,Salaried,663,4151162,Business,32969,63.88,24,60.6,0
60,189037,Salaried,501,3501345,Home,76820,40.64,48,35.3,1
57,154088,Salaried,445,4240247,Education,27655,17.95,12,16.3,1
54,185851,Salaried,756,3265534,Education,9102,4.9,48,80.5,1
51,46881,Self-Employed,434,1767222,Car,67107,100,24,20.1,0
58,39472,Salaried,563,250211,Business,21553,54.6,48,33.2,0
44,197885,Salaried,363,4880668,Car,79570,40.21,48,7.1,0
31,182093,Self-Employed,790,4300220,Personal,66865,36.72,240,93,1
26,69131,Salaried,340,722960,Education,41420,59.92,240,8.4,0
57,170159,Salaried,595,1504915,Home,25382,14.92,12,49.2,1
55,27828,Self-Employed,302,2145383,Home,69235,100,60,0,0
52,111664,Salaried,409,840243,Home,38795,34.74,120,15.6,0
31,147473,Self-Employed,520,4799868,Education,51425,34.87,48,38.4,0
40,30193,Salaried,669,2332369,Business,57402,100,60,59.4,0
53,190936,Salaried,667,917481,Education,62539,32.75,24,64.8,1
22,166379,Salaried,735,4446054,Education,76203,45.8,36,75.1,1
26,117518,Salaried,303,1318430,Home,23459,19.96,120,0,0
25,34611,Self-Employed,543,796403,Education,49649,100,120,44.7,0
37,189863,Self-Employed,465,3091370,Home,72495,38.18,48,19.9,0
45,158022,Self-Employed,325,4955349,Business,46384,29.35,12,0,0
37,91240,Self-Employed,694,4177269,Personal,71746,78.63,12,65.5,0
23,17745,Self-Employed,773,881284,Home,78053,100,48,80.9,0
49,70243,Salaried,316,2652021,Car,56278,80.12,48,7.6,0
53,18866,Salaried,391,1801772,Personal,78156,100,84,0,0
48,178317,Salaried,782,2767370,Business,36744,20.61,120,86.6,1
41,190796,Salaried,842,3342202,Personal,30568,16.02,240,93.6,1
45,143681,Self-Employed,504,311745,Home,17991,12.52,240,28.2,0
33,86354,Salaried,801,1796659,Business,8912,10.32,60,81.6,1
56,66374,Salaried,699,3378122,Car,32527,49.01,36,68.1,0
54,129397,Salaried,506,3897852,Home,50426,38.97,36,6.4,0
54,139577,Salaried,445,4990952,Home,20407,14.62,84,14.2,1
58,176188,Salaried,400,1904413,Business,12344,7.01,12,26,1
33,96029,Salaried,540,4509895,Business,2355,2.45,120,35.2,1
24,108574,Salaried,462,234215,Personal,54733,50.41,36,26.3,0
22,166519,Salaried,472,3206390,Car,66285,39.81,60,27.7,0
54,45431,Self-Employed,801,3778298,Personal,45733,100,120,89.2,0
61,163980,Salaried,846,2962166,Personal,56915,34.71,120,87.7,1
31,44336,Salaried,583,2130444,Home,52716,100,240,44.6,0
50,55992,Salaried,658,1690335,Business,38526,68.81,12,61.2,0
34,70350,Salaried,680,1730442,Home,18088,25.71,36,70.1,1
33,84561,Salaried,832,910513,Car,65377,77.31,240,98,1
52,66955,Salaried,462,4478935,Personal,44405,66.32,180,24.4,0
23,76240,Salaried,606,1109288,Car,38842,50.95,24,47.1,0
56,166165,Salaried,638,4440741,Business,61788,37.18,180,55.2,1
44,152227,Salaried,354,1710049,Business,51529,33.85,180,19.7,0
38,61607,Salaried,632,2509147,Education,52383,85.03,24,61.6,0
47,179559,Self-Employed,426,3732226,Car,39177,21.82,180,17.2,0
29,167035,Salaried,542,4281276,Home,39056,23.38,36,27.4,1
50,196196,Self-Employed,899,2443432,Car,66421,33.85,120,100,1
47,67870,Salaried,708,4681817,Personal,33632,49.55,240,77.8,1
31,79110,Salaried,802,2949529,Business,39685,50.16,48,74.8,1
47,199626,Self-Employed,602,800561,Business,77222,38.68,84,46.8,1
55,167008,Self-Employed,763,1431173,Car,68590,41.07,240,84.2,1
28,131895,Salaried,534,3077880,Car,8977,6.81,60,42.1,1
25,19426,Salaried,337,1101628,Car,48967,100,12,0,0
32,42606,Salaried,438,2436568,Personal,74072,100,36,14,0
50,193904,Salaried,494,3499022,Personal,15070,7.77,240,37,1
57,43151,Salaried,826,4995868,Home,21500,49.83,36,89.7,1
46,26308,Salaried,300,198388,Car,10011,38.05,24,5.3,0
42,191743,Salaried,860,4176564,Home,48039,25.05,48,99.6,1
57,105306,Salaried,395,2976759,Education,8896,8.45,60,17.8,0
31,121984,Self-Employed,712,3151954,Personal,39958,32.76,120,72,1
58,17204,Self-Employed,837,3212103,Business,41912,100,120,84.9,0
30,107769,Self-Employed,728,599998,Education,814,0.76,240,72.2,1
45,102265,Salaried,534,2627697,Business,75276,73.61,180,41.5,0
56,46131,Self-Employed,648,2174749,Education,24719,53.58,24,71.6,0
56,67428,Self-Employed,780,481613,Home,20150,29.88,180,73.4,1
57,48870,Salaried,695,3097725,Home,70494,100,180,71.6,0
39,118547,Salaried,650,4363272,Personal,3825,3.23,60,57.4,1
60,64067,Self-Employed,715,4447874,Business,50368,78.62,36,75.1,0
53,127217,Salaried,350,3627141,Education,14800,11.63,240,7.4,0
45,167679,Salaried,380,866473,Car,75535,45.05,120,22.8,0
44,171040,Salaried,335,2494661,Car,75017,43.86,12,0,0
53,113934,Salaried,366,2985570,Personal,48505,42.57,180,12.1,0
58,157980,Self-Employed,780,4007530,Business,57899,36.65,60,83.5,1
33,172495,Salaried,767,1480264,Car,22601,13.1,84,72.4,1
34,89707,Salaried,441,1685846,Personal,10677,11.9,240,25.9,0
44,76215,Salaried,655,2779974,Personal,29552,38.77,180,67.2,1
46,64429,Salaried,770,2836986,Business,67891,100,36,77.8,1
56,97152,Salaried,890,1385364,Car,74693,76.88,60,100,1
51,123048,Salaried,738,2709933,Car,33292,27.06,48,67.6,1
38,184530,Self-Employed,830,4590272,Car,66097,35.82,12,79.6,1
41,192241,Salaried,426,4759226,Home,73703,38.34,60,26.6,0
46,153731,Salaried,504,971463,Car,16184,10.53,120,29.5,1
43,92240,Self-Employed,328,883721,Education,61046,66.18,12,0,0
34,178865,Salaried,744,482331,Home,66741,37.31,48,67.9,1
40,128688,Self-Employed,763,2913657,Home,61377,47.69,84,87.9,1
57,61473,Self-Employed,579,1776476,Home,12039,19.58,240,55,0
33,111762,Self-Employed,450,2373729,Home,45161,40.41,180,16,0
40,121956,Salaried,539,1699961,Personal,35006,28.7,24,28.1,1
33,133452,Salaried,565,859010,Education,17544,13.15,36,40.9,1
30,141311,Salaried,404,4759075,Business,12987,9.19,60,25.7,1
28,22006,Salaried,732,2331103,Car,5239,23.81,120,70.4,1
49,89218,Self-Employed,796,4385972,Home,44785,50.2,36,81.2,0
35,179912,Self-Employed,739,3649613,Business,23358,12.98,120,68.3,1
52,47430,Self-Employed,457,4657450,Personal,56450,100,60,24,0
40,38091,Self-Employed,471,2326174,Business,28428,74.63,84,35.3,0
37,179055,Self-Employed,793,4690353,Home,9096,5.08,84,82.8,1
26,38989,Salaried,610,1221116,Education,47582,100,48,50.1,0
56,90451,Salaried,702,2909453,Business,24536,27.13,180,72.2,1
33,33990,Self-Employed,762,670656,Home,57395,100,240,77.6,0
46,105270,Salaried,666,1668755,Home,68157,64.74,24,68.6,1
42,95360,Salaried,849,4159042,Car,69484,72.86,240,86.1,1
57,51081,Salaried,554,3672456,Car,1287,2.52,48,44.5,1
44,157105,Self-Employed,507,2513208,Education,54510,34.7,84,41.6,0
37,123272,Salaried,749,4054168,Car,23902,19.39,120,87.3,1
60,31241,Self-Employed,394,445991,Education,56188,100,48,6.9,0
60,139932,Self-Employed,777,2031908,Personal,21164,15.12,180,78.1,1
35,20939,Salaried,489,3714877,Personal,1772,8.46,180,21,0
52,128000,Salaried,783,3873476,Car,53054,41.45,12,72.7,1
26,193634,Salaried,835,654879,Personal,54878,28.34,180,89.3,1
56,50063,Self-Employed,722,3448718,Business,32238,64.39,36,54.1,0
44,173117,Self-Employed,432,330759,Business,58293,33.67,60,25.4,0
50,190841,Self-Employed,354,2169990,Business,7213,3.78,180,13.5,1
32,62118,Salaried,809,4846592,Personal,14941,24.05,84,84.2,1
39,99703,Salaried,840,3510670,Business,15964,16.01,48,83.3,1
33,167697,Salaried,709,4710296,Education,26855,16.01,48,66.2,1
30,143557,Self-Employed,510,4183710,Home,58769,40.94,48,51.9,0
31,42076,Salaried,592,2035702,Car,1046,2.49,84,44.5,1
38,59605,Salaried,414,194608,Education,14909,25.01,120,12.7,0
59,99565,Salaried,558,186772,Business,79114,79.46,60,24.5,0
28,54121,Salaried,421,4938503,Home,23368,43.18,180,28.5,0
34,46433,Salaried,598,3737193,Car,71255,100,120,39.7,0
61,58309,Salaried,680,4288119,Education,15624,26.8,180,64,1
30,82468,Salaried,860,2252149,Car,10352,12.55,48,100,1
48,190326,Salaried,800,2758682,Personal,9223,4.85,180,86.3,1
23,82293,Self-Employed,596,2857615,Business,78254,95.09,84,52.2,0
26,111258,Self-Employed,661,2068333,Education,66851,60.09,36,57.6,0
50,183925,Salaried,888,2514209,Education,50044,27.21,180,100,1
58,53405,Self-Employed,762,2294482,Home,31419,58.83,120,77.6,0
59,58527,Salaried,737,677901,Home,13767,23.52,60,77.2,1
40,92227,Salaried,426,3031899,Home,72002,78.07,48,1.7,0
29,146564,Self-Employed,496,1638253,Car,31028,21.17,12,35.7,1
22,154883,Self-Employed,520,733045,Business,47953,30.96,36,40.1,0
43,108344,Self-Employed,390,1551012,Car,57965,53.5,24,35.4,0
38,170344,Salaried,710,4266101,Business,69776,40.96,180,68.3,1
28,62153,Salaried,307,3420725,Education,31459,50.62,180,2.9,0
46,123042,Self-Employed,843,506123,Car,24689,20.07,60,93.7,1
25,69110,Salaried,767,2432992,Car,67982,98.37,60,81.2,1
57,160051,Salaried,619,2089282,Car,3346,2.09,48,43.3,1
27,43328,Self-Employed,693,2576353,Personal,45179,100,12,72,0
52,127911,Self-Employed,568,711944,Business,40517,31.68,12,37.3,0
40,27867,Self-Employed,490,1451718,Business,69678,100,84,34.9,0
60,74234,Salaried,360,2305268,Car,72623,97.83,48,3.1,0
48,40851,Self-Employed,737,4511733,Personal,58916,100,48,71.1,0
31,46279,Salaried,563,4700635,Car,48575,100,36,40.1,0
47,88402,Salaried,394,67903,Business,45039,50.95,240,13.7,0
40,30449,Salaried,852,4080064,Education,49955,100,36,91.3,0
60,91221,Salaried,769,2514456,Personal,55871,61.25,180,81.1,1
24,104080,Salaried,813,4672720,Personal,60678,58.3,24,84.7,1
34,20451,Self-Employed,493,1711241,Car,31351,100,48,39.2,0
49,102178,Salaried,781,2553934,Education,60693,59.4,12,75.9,1
41,187388,Salaried,635,419556,Business,31433,16.77,60,59.3,1
49,78761,Salaried,734,887654,Home,74797,94.97,24,65.7,0
29,53870,Salaried,495,1979096,Business,79015,100,12,46.8,0
60,111566,Salaried,548,1451170,Business,15804,14.17,12,44.8,1
22,138749,Self-Employed,797,4688188,Education,45101,32.51,24,77.3,1
24,138765,Self-Employed,511,4877958,Personal,60115,43.32,60,49,0
34,139881,Salaried,765,2735293,Business,78363,56.02,240,81.6,1
49,176945,Self-Employed,520,1507750,Personal,44700,25.26,84,31.1,1
46,143389,Salaried,572,4658474,Education,77576,54.1,48,44.3,0
54,40372,Salaried,453,3426483,Education,19477,48.24,36,16.4,0
59,18642,Self-Employed,548,583963,Car,16127,86.51,180,32.2,0
27,174073,Salaried,578,4538109,Home,26049,14.96,36,56,1
53,49064,Self-Employed,739,3784305,Education,12473,25.42,12,66,0
42,29122,Salaried,575,2164336,Education,61836,100,48,35.1,0
37,170892,Self-Employed,813,2602671,Personal,42464,24.85,60,90.6,1
42,83431,Salaried,387,2354689,Education,13714,16.44,60,27.8,0
32,70745,Salaried,804,2938851,Business,60878,86.05,60,93.3,1
58,65081,Salaried,889,4428023,Car,34208,52.56,180,100,1
57,154783,Self-Employed,540,4044974,Car,74683,48.25,180,59.4,0
56,164865,Salaried,535,2486901,Business,41514,25.18,48,32,1
40,154271,Self-Employed,427,4918136,Education,5136,3.33,240,18.7,0
41,91253,Salaried,802,200408,Home,31516,34.54,12,71.1,1
39,51191,Salaried,499,3010776,Education,76982,100,60,23.9,0
35,25211,Salaried,842,4206094,Car,63878,100,60,98.9,1
36,126086,Salaried,801,2100126,Home,45099,35.77,60,85.7,1
52,167614,Self-Employed,791,3433167,Personal,13188,7.87,180,93.5,1
22,177384,Salaried,320,2005599,Personal,51188,28.86,240,0,0
24,191314,Self-Employed,533,4778257,Education,5560,2.91,36,34.4,1
37,116971,Salaried,715,3772490,Education,36397,31.12,240,73.9,1
44,108783,Salaried,447,2565553,Home,77193,70.96,180,33,0
32,140681,Self-Employed,328,3271639,Home,38082,27.07,36,0,0
33,102893,Salaried,660,1191219,Education,41430,40.27,24,58.1,1
31,173763,Salaried,607,309383,Car,50522,29.08,48,54.4,1
53,92960,Self-Employed,461,2510461,Personal,40397,43.46,24,33.1,0
37,99388,Self-Employed,360,226682,Home,76860,77.33,48,17.8,0
29,37601,Salaried,424,2066987,Car,25247,67.14,60,20.1,0
59,164092,Salaried,755,2959419,Education,19943,12.15,24,65.9,1
33,154227,Salaried,370,1849215,Business,39460,25.59,180,0,0
45,182849,Salaried,765,146453,Home,41986,22.96,12,76,1
49,34710,Self-Employed,542,628078,Business,44514,100,36,38,0
29,123714,Self-Employed,789,2485142,Car,52385,42.34,120,75.1,1
49,170604,Salaried,520,458449,Personal,12631,7.4,12,43.8,1
57,143727,Salaried,772,4781792,Car,67008,46.62,24,69.5,1
47,164673,Salaried,832,626563,Personal,26955,16.37,36,83.4,1
29,78227,Salaried,793,2103164,Car,47367,60.55,24,91.5,1
49,151039,Salaried,381,2616436,Home,30802,20.39,24,7.3,0
49,99289,Salaried,821,3872379,Home,70408,70.91,84,89.4,1
58,166094,Salaried,311,3500320,Business,43341,26.09,120,1.8,0
57,189535,Salaried,562,3095236,Car,13691,7.22,84,45.6,1
48,20722,Salaried,748,4860277,Car,4753,22.94,84,81.7,1
38,173485,Salaried,491,1513138,Business,1833,1.06,240,34.4,1
30,96050,Salaried,413,3825470,Education,8645,9,180,7.7,0
54,98596,Salaried,325,3721782,Car,40024,40.59,180,0,0
41,81732,Salaried,798,2602387,Car,9635,11.79,84,85.4,1
34,158369,Salaried,807,3686402,Car,20064,12.67,60,77.1,1
49,83323,Salaried,844,4090098,Education,9940,11.93,240,98.3,1
50,38816,Self-Employed,361,4109833,Home,35169,90.6,24,12.6,0
34,55695,Self-Employed,528,543496,Business,78647,100,120,24.3,0
56,165774,Self-Employed,334,1569493,Education,45200,27.27,84,20.8,0
27,171314,Salaried,755,1318748,Personal,56329,32.88,120,72.9,1
39,70841,Self-Employed,887,4214026,Personal,51158,72.22,48,96.2,0
26,143498,Self-Employed,801,3221029,Education,29739,20.72,240,86.9,1
46,122096,Salaried,894,3764779,Education,17793,14.57,120,98.3,1
23,107764,Salaried,324,1250413,Home,33677,31.25,24,11.7,0
31,199646,Self-Employed,868,881219,Personal,66296,33.21,48,86.5,1
51,100744,Salaried,331,2005683,Business,23022,22.85,60,14.3,0
26,43482,Salaried,311,325001,Car,71148,100,24,7.3,0
54,24171,Self-Employed,618,1514236,Car,27265,100,180,46.8,0
22,115755,Self-Employed,300,4979405,Home,530,0.46,12,2,0
39,123125,Salaried,734,4774044,Home,9551,7.76,36,82,1
53,145722,Salaried,435,4355457,Personal,28394,19.49,12,26.7,1
32,121082,Salaried,495,3133873,Business,42987,35.5,60,33.7,0
42,18696,Self-Employed,432,1379020,Business,48984,100,180,27,0
47,141310,Salaried,385,450717,Education,68096,48.19,120,19.8,0
46,166130,Salaried,775,3197573,Home,70639,42.52,240,75.1,1
43,166385,Self-Employed,623,1217918,Car,24090,14.48,24,55.1,1
48,34149,Salaried,479,811654,Car,2781,8.14,180,36.6,0
34,145064,Self-Employed,815,1046270,Personal,17330,11.95,180,86.9,1
54,68521,Salaried,474,2396002,Car,5257,7.67,84,23.3,0
55,60740,Salaried,320,3443416,Business,58642,96.55,36,5.6,0
56,121611,Salaried,404,2705844,Business,54249,44.61,24,14.2,0
22,151028,Salaried,877,1645428,Home,51663,34.21,180,100,1
42,81641,Salaried,742,3817914,Personal,34956,42.82,84,85.1,1
27,78811,Salaried,348,1024939,Car,15615,19.81,48,13.4,0
49,198232,Self-Employed,827,3154952,Home,881,0.44,60,81.2,1
38,197385,Self-Employed,444,4684995,Education,1847,0.94,60,26.4,1
26,78232,Self-Employed,639,3978408,Education,51127,65.35,240,35.9,0
52,30417,Salaried,653,989203,Car,37336,100,240,58,0
26,170801,Salaried,374,2780061,Car,39931,23.38,180,19.9,0
59,127492,Salaried,877,1802153,Car,43924,34.45,180,99.4,1
24,45099,Self-Employed,618,3324199,Business,22966,50.92,24,53.9,0
44,176033,Salaried,386,1906719,Car,44023,25.01,36,31.4,0
58,158674,Self-Employed,852,1506851,Education,11320,7.13,180,78.4,1
58,133474,Salaried,341,1886294,Car,57841,43.34,60,0,0
31,24256,Self-Employed,392,2779744,Personal,65125,100,120,19.2,0
31,49681,Self-Employed,806,1203535,Education,67752,100,180,91.5,0
40,106328,Self-Employed,828,3877573,Personal,61858,58.18,84,95.5,1
38,58361,Salaried,564,1982811,Education,58714,100,60,39.4,0
42,49540,Salaried,591,4298887,Home,11780,23.78,180,41.7,0
35,172608,Salaried,763,1746941,Education,76230,44.16,12,69.2,1
30,99700,Salaried,859,494846,Education,70345,70.56,12,95.7,1
22,93532,Salaried,396,1209935,Personal,1929,2.06,12,8.1,0
34,142626,Salaried,394,3747102,Personal,14244,9.99,36,24.6,1
25,148943,Salaried,625,4916148,Education,11116,7.46,84,54,1
22,61002,Salaried,373,4872724,Education,35895,58.84,84,6.5,0
61,64812,Salaried,635,3711057,Business,78636,100,60,50.2,0
53,168698,Salaried,367,3254991,Home,23867,14.15,120,0,1
55,123946,Self-Employed,376,2005163,Home,1208,0.97,60,6.3,0
49,81668,Salaried,507,1159240,Car,44085,53.98,24,30.1,0
52,114003,Salaried,520,2565048,Education,65572,57.52,48,39.9,0
29,57998,Salaried,561,2033157,Education,65234,100,12,42.7,0
60,119601,Self-Employed,709,2054254,Education,11252,9.41,120,61.3,1
47,191679,Salaried,630,3534840,Education,7006,3.66,48,45.2,1
55,22812,Salaried,643,4116723,Home,70883,100,48,55.3,0
24,76844,Salaried,373,2971984,Personal,32171,41.87,48,0,0
33,148251,Salaried,553,2576919,Business,28517,19.24,36,39.6,1
22,189870,Salaried,631,1913096,Personal,24274,12.78,180,64.1,1
26,89601,Self-Employed,697,58981,Personal,33577,37.47,48,64.6,1
51,154347,Self-Employed,644,3609976,Home,27648,17.91,180,58.6,1
51,196646,Salaried,883,157154,Business,69654,35.42,240,97.5,1
38,62857,Salaried,754,1778177,Education,17910,28.49,12,64.6,1
44,140555,Salaried,414,4950769,Home,78619,55.93,48,33.1,0
36,35700,Salaried,612,4204534,Home,49647,100,84,48.7,0
58,185536,Salaried,527,3387850,Business,78723,42.43,180,37.8,1
42,188423,Salaried,544,1102233,Car,424,0.23,84,35.4,1
35,108330,Self-Employed,825,2954814,Home,51899,47.91,84,96.6,1
23,159941,Self-Employed,827,986184,Personal,26641,16.66,48,76.2,1
32,167026,Salaried,726,3409494,Personal,34750,20.81,240,81.4,1
60,177627,Salaried,341,2756171,Education,23154,13.04,120,4.4,0
59,78353,Salaried,764,1789886,Home,48166,61.47,84,73.1,1
55,191098,Salaried,577,4191747,Education,11992,6.28,12,41.1,1
59,115772,Salaried,318,4907531,Home,34001,29.37,24,17.5,0
55,193048,Salaried,365,2096771,Business,14546,7.53,84,0,1
39,106502,Self-Employed,466,3493737,Home,41524,38.99,12,23.4,0
51,128943,Self-Employed,884,772300,Car,68555,53.17,60,87,1
36,124850,Salaried,702,1618473,Personal,1304,1.04,12,52.5,1
48,60095,Self-Employed,708,2185021,Business,49284,82.01,36,78.4,0
55,160342,Salaried,411,4742489,Personal,10022,6.25,120,18.3,1
59,176980,Salaried,573,3296797,Education,75886,42.88,60,36.2,1
54,30523,Salaried,706,4492881,Business,77354,100,12,74.3,0
45,77433,Salaried,672,4572700,Car,33617,43.41,12,58.8,0
36,193140,Salaried,896,3537258,Personal,69498,35.98,180,94.2,1
51,34991,Salaried,338,2265880,Home,58824,100,240,10.9,0
38,25775,Self-Employed,404,4768150,Home,70390,100,120,14,0
26,99995,Salaried,623,4986951,Home,34307,34.31,36,46.1,1
50,162745,Salaried,713,3660566,Business,68480,42.08,84,74.4,1
25,137808,Salaried,728,2989119,Car,22327,16.2,36,70.2,1
31,173128,Self-Employed,360,2402712,Car,3244,1.87,48,16,0
38,152686,Salaried,606,818026,Car,22720,14.88,48,47.8,1
31,22415,Self-Employed,653,4976423,Personal,25090,100,36,67,0
38,189956,Self-Employed,692,445462,Business,64277,33.84,84,65.4,1
41,163036,Salaried,503,1380730,Home,48536,29.77,60,42.3,1
45,183798,Self-Employed,557,2274103,Personal,7855,4.27,240,51,1
26,52044,Salaried,785,1429078,Car,1601,3.08,240,90.7,1
55,183616,Salaried,816,198306,Home,31952,17.4,36,86.5,1
27,64976,Self-Employed,745,932622,Business,50374,77.53,240,77.2,0
23,178324,Salaried,479,3835811,Education,5690,3.19,36,28,1
34,18832,Salaried,641,4686971,Car,12521,66.49,48,49.7,0
32,49148,Salaried,432,3056374,Car,76019,100,12,38,0
44,127230,Salaried,742,572886,Car,8058,6.33,60,67.6,1
37,100076,Self-Employed,552,649493,Car,13704,13.69,240,49.2,1
52,199531,Salaried,564,2122551,Home,58933,29.54,24,49.8,1
32,53402,Self-Employed,392,3509824,Business,71101,100,48,16.8,0
37,53578,Salaried,710,2183871,Personal,43856,81.85,24,67.1,0
29,105453,Self-Employed,437,4226213,Home,37256,35.33,180,21.7,0
25,168390,Salaried,507,4293041,Business,57352,34.06,240,29.2,0
61,90715,Salaried,872,3648397,Personal,30615,33.75,36,96.1,1
25,126435,Self-Employed,606,3890624,Car,1927,1.52,240,41.5,1
46,166538,Salaried,565,4425980,Business,15512,9.31,84,50.1,1
24,110742,Salaried,617,4836431,Car,8301,7.5,84,51,1
53,60475,Salaried,412,3497797,Business,73993,100,120,11,0
24,75142,Self-Employed,677,137745,Education,71028,94.53,60,52.6,0
48,172636,Salaried,753,176298,Car,68759,39.83,84,74.4,1
50,168484,Self-Employed,490,2451583,Car,63058,37.43,12,30.9,0
53,108526,Salaried,739,3827268,Car,64926,59.83,36,69,1
40,66001,Salaried,486,4941447,Home,23434,35.51,240,35,0
42,72649,Self-Employed,666,4615771,Personal,30341,41.76,60,63.8,0
26,181589,Self-Employed,388,1837702,Car,15007,8.26,60,15.1,1
39,159228,Self-Employed,486,3635435,Car,26799,16.83,180,23.6,1
49,169136,Self-Employed,431,2367165,Home,55820,33,24,15.9,0
43,40711,Salaried,859,849235,Home,15674,38.5,120,82,1
42,45106,Salaried,675,3376425,Education,15426,34.2,240,61,1
27,80458,Salaried,398,3838835,Business,72631,90.27,120,20.8,0
22,162661,Self-Employed,333,4258002,Car,44791,27.54,60,0,0
26,145429,Self-Employed,881,65376,Business,3255,2.24,84,92.3,1
33,116754,Salaried,470,2422413,Home,33826,28.97,48,27.9,0
47,153286,Salaried,665,2383743,Home,4944,3.23,120,65.3,1
55,141479,Salaried,358,3244514,Education,37826,26.74,12,0,0
35,173199,Self-Employed,480,687293,Personal,30497,17.61,48,47.8,0
47,151213,Salaried,318,4216817,Home,27723,18.33,36,9,0
48,43884,Salaried,525,378624,Car,35287,80.41,48,32.7,0
30,17708,Salaried,772,737055,Education,11845,66.89,12,70.1,0
47,33375,Self-Employed,394,4114743,Personal,68106,100,24,17.9,0
43,30088,Self-Employed,596,1471742,Education,72986,100,240,53.1,0
51,72615,Salaried,892,1514294,Home,55569,76.53,120,90.7,1
38,125138,Salaried,474,493226,Personal,79925,63.87,84,20.1,0
47,191118,Salaried,521,3154997,Business,25463,13.32,24,29.7,1
57,25014,Self-Employed,353,1565697,Personal,744,2.97,12,9.3,0
22,149345,Self-Employed,702,1723783,Car,36282,24.29,24,67.6,1
29,193207,Salaried,617,1968541,Business,52082,26.96,120,70.1,1
56,117842,Salaried,648,4181608,Business,54689,46.41,24,40.7,1
36,176953,Salaried,742,522803,Car,76407,43.18,36,68.3,1
43,93077,Salaried,879,1584851,Business,79072,84.95,180,92.3,1
35,154784,Self-Employed,839,2357022,Home,64766,41.84,120,93.7,1
47,67874,Salaried,581,643695,Personal,65711,96.81,240,51,0
49,84087,Salaried,659,1696673,Personal,3217,3.83,48,58.2,1
44,27297,Salaried,307,4523677,Car,30359,100,120,13.3,0
35,42128,Salaried,862,4140617,Home,53509,100,12,84.7,1
45,83368,Salaried,790,2713616,Business,61970,74.33,24,76.1,1
23,93958,Salaried,640,4863417,Personal,22357,23.79,120,46.1,1
47,47920,Salaried,771,3293283,Personal,42354,88.38,24,77.3,0
35,157228,Self-Employed,548,4771737,Personal,38570,24.53,84,38.7,1
28,157180,Salaried,534,1195865,Personal,7034,4.48,240,45.3,1
24,177917,Salaried,382,1761738,Education,16263,9.14,60,28.5,1
44,148872,Self-Employed,392,470129,Car,42180,28.33,120,27.3,0
39,188784,Salaried,693,3852010,Business,50099,26.54,12,55.7,1
59,148682,Self-Employed,567,2874743,Business,74312,49.98,180,44.9,0
56,92603,Salaried,716,4396048,Car,75348,81.37,240,75.5,1
36,48872,Salaried,882,1930352,Home,26925,55.09,60,100,1
46,25728,Salaried,828,462230,Car,19575,76.08,84,100,0
58,110102,Salaried,552,3793368,Personal,22231,20.19,180,40.2,1
49,137049,Salaried,421,3498196,Personal,76935,56.14,48,20.8,0
31,35583,Self-Employed,309,1606321,Car,47731,100,24,19.4,0
60,100774,Salaried,615,3027659,Car,23100,22.92,180,55.9,1
38,153335,Salaried,572,3422438,Business,10768,7.02,24,40.6,1
60,141374,Salaried,605,4938362,Business,59337,41.97,60,43,1
43,165528,Salaried,509,4005544,Education,50697,30.63,84,36.5,1
47,106118,Salaried,763,4772104,Education,11357,10.7,60,85.7,1
46,80942,Salaried,715,4119298,Personal,66973,82.74,84,77.6,0
38,28689,Self-Employed,515,3319503,Education,24946,86.95,84,28.9,0
34,179006,Self-Employed,379,128743,Education,71038,39.68,36,14,0
41,48276,Salaried,779,397786,Home,55149,100,36,76.2,1
46,116968,Salaried,846,2538883,Car,5566,4.76,240,89.8,1
25,165945,Self-Employed,317,654146,Business,41576,25.05,36,10.1,0
31,28050,Self-Employed,464,2075321,Education,53318,100,36,26.9,0
24,81216,Salaried,824,778927,Business,69550,85.64,24,92.6,1
39,99040,Self-Employed,501,4363399,Education,51408,51.91,120,39,0
57,36644,Salaried,645,1658412,Education,53506,100,48,52.6,0
43,77021,Self-Employed,665,1001399,Personal,79149,100,12,70.7,0
55,183197,Salaried,747,3825685,Home,40167,21.93,84,65.7,1
29,57291,Salaried,812,916603,Car,33699,58.82,60,75.2,1
61,181132,Self-Employed,618,2454710,Car,49545,27.35,24,49.2,1
40,147610,Salaried,516,3793087,Personal,52429,35.52,84,28.2,0
58,182248,Salaried,333,2895653,Personal,23386,12.83,12,10.3,1
27,56520,Salaried,565,3162959,Car,59273,100,36,64.7,0
47,40675,Self-Employed,379,4510745,Car,41585,100,48,22.2,0
55,164359,Self-Employed,712,4878105,Home,7509,4.57,36,62.1,1
27,15174,Self-Employed,551,4110828,Education,76607,100,84,33.8,0
58,107268,Salaried,311,2283232,Home,78764,73.43,48,9.7,0
54,49998,Self-Employed,700,267885,Car,77150,100,12,57.2,0
43,199384,Salaried,581,4392196,Education,75837,38.04,60,39,1
42,158184,Salaried,411,514764,Car,63305,40.02,60,21.5,0
27,120410,Self-Employed,677,2300477,Home,42851,35.59,240,58.5,1
27,90225,Salaried,567,2569570,Home,76910,85.24,180,45.5,0
25,59814,Salaried,597,641444,Home,34407,57.52,180,46.9,0
51,100091,Salaried,616,3962976,Education,46606,46.56,60,52.4,0
32,65719,Salaried,869,2142461,Business,79518,100,180,100,1
51,144887,Self-Employed,808,4304567,Business,45652,31.51,120,89.6,1
52,48919,Salaried,845,4101156,Car,10248,20.95,12,98.2,1
45,88155,Self-Employed,664,1217208,Education,10515,11.93,120,65.8,1
30,86569,Salaried,846,1372924,Personal,10830,12.51,180,96.7,1
24,56328,Salaried,570,1110528,Business,60631,100,36,45,0
52,39618,Salaried,773,1618402,Education,6799,17.16,240,67.2,1
61,49675,Self-Employed,836,3279051,Education,74083,100,180,88.5,0
58,33919,Salaried,533,1820020,Business,14328,42.24,24,41.4,0
57,19173,Self-Employed,358,192712,Education,12679,66.13,84,10.3,0
45,124369,Self-Employed,550,4532885,Education,21058,16.93,48,45,0
52,41400,Salaried,385,177129,Business,46696,100,36,30.7,0
27,196517,Salaried,689,924113,Home,38872,19.78,84,60.8,1
23,85305,Self-Employed,479,4549829,Car,54971,64.44,240,26.6,0
41,183636,Self-Employed,448,493172,Personal,23306,12.69,24,34.3,1
49,191886,Salaried,882,1042030,Car,28210,14.7,60,98,1
32,103791,Salaried,420,4780059,Home,45693,44.02,84,23.6,0
25,174034,Self-Employed,555,370098,Home,28239,16.23,48,37.8,1
36,85533,Self-Employed,608,4530349,Education,68917,80.57,120,45.5,0
27,118591,Salaried,358,2072063,Car,7447,6.28,24,0,0
51,156650,Self-Employed,368,807902,Home,20271,12.94,120,12.7,0
59,146060,Self-Employed,745,3789919,Car,65875,45.1,24,66.3,1
23,164696,Salaried,687,416099,Home,56843,34.51,12,55.7,1
36,54194,Self-Employed,385,4788347,Personal,26221,48.38,60,19.5,0
32,124903,Salaried,526,306094,Home,64388,51.55,24,32.6,0
29,146461,Salaried,892,1981327,Car,56467,38.55,180,89.1,1
47,114303,Salaried,483,4186578,Education,73269,64.1,180,20.1,0
26,128903,Salaried,621,4943704,Car,70585,54.76,12,60.8,1
27,82391,Self-Employed,617,4599417,Business,43086,52.29,48,52,0
47,159866,Salaried,865,4354979,Car,638,0.4,240,91,1
25,73002,Salaried,698,4338570,Personal,73245,100,60,67.7,0
40,50531,Salaried,592,3006181,Personal,70679,100,84,49.3,0
41,198887,Salaried,592,4540812,Personal,62934,31.64,36,44.4,1
54,19986,Salaried,784,4234900,Home,66760,100,60,78,0
41,47298,Self-Employed,746,1066487,Personal,47234,99.86,12,80.2,0
33,16481,Salaried,711,3778489,Car,61049,100,180,75.1,0
22,71408,Self-Employed,807,4485776,Education,63843,89.41,84,77.8,0
47,136950,Self-Employed,543,1270925,Personal,48047,35.08,24,50.7,1
35,162907,Salaried,719,2103301,Car,9741,5.98,48,85.9,1
59,140355,Self-Employed,453,4544950,Home,63004,44.89,48,23.2,0
58,42798,Salaried,723,4259979,Home,61489,100,240,68,0
32,106649,Salaried,572,1176805,Education,22991,21.56,240,38.1,1
57,79887,Salaried,819,2854660,Education,26081,32.65,60,81.2,1
34,34477,Salaried,427,1318895,Car,57304,100,36,23.8,0
24,163338,Salaried,672,1728575,Education,15642,9.58,12,80.5,1
54,142815,Self-Employed,867,4075481,Education,75103,52.59,84,100,1
27,189598,Salaried,458,2960049,Home,17399,9.18,180,23.7,1
31,142426,Self-Employed,870,1153371,Car,33103,23.24,12,91.6,1
26,157961,Salaried,869,784543,Education,15330,9.7,12,89.5,1
44,39335,Self-Employed,475,4348149,Car,16464,41.86,120,37.6,0
31,157326,Salaried,510,1410706,Personal,2134,1.36,120,33.1,1
23,101610,Salaried,746,1010705,Home,49409,48.63,24,78,1
34,26442,Salaried,885,4037338,Home,184,0.7,36,95.6,1
61,61289,Salaried,466,3974248,Home,49274,80.4,24,44.6,0
23,68747,Salaried,759,3449458,Business,72799,100,84,72.2,0
41,52327,Self-Employed,656,1302002,Car,55810,100,180,53.7,0
22,162271,Salaried,603,3069684,Personal,78727,48.52,180,46.6,1
58,87827,Self-Employed,532,2376485,Education,69050,78.62,12,42.1,0
30,121464,Self-Employed,626,3020207,Personal,32734,26.95,240,65.8,1
38,146184,Self-Employed,481,4617522,Car,71613,48.99,180,33.6,0
30,102051,Salaried,633,4721212,Home,50546,49.53,240,61.2,0
32,165653,Salaried,328,2318103,Business,35120,21.2,240,9.2,1
36,74722,Self-Employed,392,298595,Car,48484,64.89,84,2,0
45,107036,Self-Employed,629,2002361,Car,60563,56.58,36,54.7,0
59,162595,Salaried,483,2326881,Education,75036,46.15,12,28,0
56,81960,Salaried,394,970200,Personal,55113,67.24,180,14.5,0
51,34552,Salaried,652,890271,Personal,53096,100,36,52.1,0
52,156880,Salaried,564,3809257,Education,10133,6.46,120,50.9,1
26,169692,Self-Employed,318,1646261,Business,6405,3.77,84,3.4,0
35,15887,Salaried,798,1087763,Home,30269,100,36,83.3,0
32,46802,Salaried,438,3998602,Home,17085,36.5,84,21.8,0
30,100024,Salaried,872,2866300,Business,35702,35.69,36,90.3,1
55,133639,Salaried,824,1228152,Education,79883,59.78,240,73.1,1
33,133248,Self-Employed,554,4254069,Car,13502,10.13,12,44.5,1
56,96938,Self-Employed,384,3573700,Personal,46479,47.95,180,14.9,0
56,137746,Salaried,757,2157154,Car,79384,57.63,60,80.4,1
22,41049,Self-Employed,831,1882717,Personal,14426,35.14,48,89.1,0
61,92789,Salaried,861,1896398,Car,70231,75.69,12,84.9,1
43,99526,Salaried,391,2322660,Education,15860,15.94,240,8.8,0
50,153918,Salaried,899,527698,Education,46865,30.45,240,100,1
29,61220,Salaried,368,3182196,Business,47404,77.43,60,13.9,0
32,61163,Salaried,336,580929,Car,57423,93.89,240,12.4,0
58,149837,Salaried,439,3622653,Car,74379,49.64,240,30.5,0
35,132126,Self-Employed,865,3473496,Business,31152,23.58,120,86.3,1
51,96486,Salaried,477,3205694,Business,30737,31.86,180,26.8,0
56,191342,Self-Employed,436,2367574,Education,54325,28.39,12,28.1,0
42,90277,Salaried,489,2146852,Education,38767,42.94,48,25,0
58,119245,Self-Employed,641,2111838,Car,41705,34.97,48,53.6,0
26,137332,Self-Employed,858,2786563,Education,2002,1.46,240,88.8,1
40,37931,Salaried,304,4739825,Education,60237,100,36,0,0
35,104116,Self-Employed,556,2906064,Car,55713,53.51,12,41.6,0
47,70633,Salaried,542,1103535,Business,41815,59.2,60,36.4,0
25,66913,Self-Employed,714,2460098,Car,64997,97.14,120,65.8,0
46,109776,Salaried,642,1856129,Home,60859,55.44,48,59.1,1
46,40991,Salaried,678,1455313,Car,63236,100,240,71,0
39,119092,Self-Employed,893,2574462,Home,78243,65.7,84,100,1
61,156633,Salaried,445,3889757,Car,22743,14.52,84,25.6,1
29,162973,Salaried,622,4411502,Home,56739,34.81,36,66.8,1
60,110556,Self-Employed,421,4213121,Home,76326,69.04,60,25.4,0
61,77875,Salaried,551,4585484,Car,30339,38.96,84,48.3,0
35,171989,Salaried,610,3736788,Education,34121,19.84,48,50.4,1
53,77120,Salaried,774,4161818,Personal,42995,55.75,36,75.9,1
59,148060,Salaried,869,2723383,Education,52032,35.14,60,97.8,1
54,125041,Self-Employed,791,381012,Home,49831,39.85,120,89.1,1
44,143467,Salaried,874,727578,Car,41446,28.89,84,97.1,1
36,160328,Salaried,646,4869716,Car,45678,28.49,24,52.6,1
54,133490,Self-Employed,786,4458355,Car,20698,15.51,12,70.7,1
46,141155,Self-Employed,772,600162,Car,47918,33.95,60,66,1
38,43230,Salaried,681,2802447,Personal,57235,100,60,63.8,0
54,74778,Salaried,579,4769893,Business,6125,8.19,84,53,1
23,60833,Self-Employed,371,1418737,Home,47511,78.1,36,0,0
35,37625,Self-Employed,820,3413019,Personal,29046,77.2,12,81.8,0
61,47088,Salaried,665,3159848,Education,10114,21.48,48,54.7,1
61,187239,Salaried,393,4528903,Business,637,0.34,48,18.5,1
60,118937,Salaried,672,2806624,Business,38634,32.48,24,56.7,1
27,91361,Salaried,638,3514905,Car,35776,39.16,180,46.5,1
27,103229,Salaried,736,1601870,Personal,23600,22.86,84,67.8,1
24,150189,Self-Employed,635,3385160,Education,26809,17.85,36,49.7,1
28,105265,Salaried,791,4236321,Car,23756,22.57,12,81.9,1
29,112718,Self-Employed,339,1339783,Car,59469,52.76,36,4.8,0
36,75710,Salaried,658,1730913,Home,38368,50.68,180,63.2,0
50,109876,Self-Employed,873,4659231,Business,77185,70.25,48,95.4,1
54,45949,Self-Employed,553,184278,Education,76902,100,36,50.3,0
51,168619,Salaried,880,892721,Business,11880,7.05,48,93.1,1
60,83136,Salaried,697,331097,Personal,57155,68.75,48,71.1,1
48,126541,Salaried,469,2226082,Home,65316,51.62,24,30.7,0
57,76842,Self-Employed,810,3458939,Car,70856,92.21,48,82.6,0
50,41990,Self-Employed,559,3508530,Home,8727,20.78,240,48.7,0
59,162265,Salaried,883,2723605,Car,77260,47.61,48,90.7,1
54,45109,Salaried,758,4587229,Home,39211,86.93,12,86.3,0
58,145356,Salaried,828,2288083,Car,78930,54.3,12,81.8,1
48,165305,Self-Employed,640,1310561,Business,41417,25.05,12,45.9,1
54,143133,Salaried,356,3061164,Business,62827,43.89,60,0,0
25,180582,Salaried,517,2508547,Business,31437,17.41,84,36.9,1
43,16306,Salaried,763,3740789,Business,20519,100,84,72.7,0
23,18849,Salaried,546,2597663,Home,7983,42.35,84,42.4,0
31,27360,Self-Employed,672,301442,Car,44656,100,240,53.2,0
26,126072,Salaried,716,3470690,Business,5635,4.47,12,73.2,1
31,109767,Salaried,330,1370055,Home,19622,17.88,84,6.5,0
54,191872,Salaried,667,367152,Car,74975,39.08,180,57.5,1
59,183035,Salaried,858,3791761,Home,60666,33.14,180,98,1
34,69330,Salaried,407,4942812,Business,56005,80.78,36,22.4,0
52,66707,Self-Employed,883,4510025,Personal,11403,17.09,60,97.9,1
57,33689,Self-Employed,717,123916,Home,60477,100,48,76.6,0
45,44084,Salaried,697,476141,Business,65035,100,12,75.1,0
36,55387,Salaried,571,2067949,Education,32903,59.41,240,38.9,0
50,89816,Self-Employed,415,4303618,Car,7311,8.14,60,28.2,0
29,17642,Salaried,885,4648615,Business,50611,100,24,90.3,1
26,57137,Salaried,555,3833599,Education,20615,36.08,24,48.7,0
50,77260,Self-Employed,380,659003,Home,56808,73.53,120,20.9,0
25,161510,Self-Employed,427,2383728,Home,33580,20.79,48,19.8,0
33,63442,Self-Employed,534,106680,Education,57052,89.93,12,38.6,0
23,118061,Self-Employed,852,2100377,Education,42898,36.34,60,89.6,1
48,149066,Self-Employed,480,4750671,Car,23952,16.07,24,23.4,0
52,140844,Salaried,456,4875937,Home,15227,10.81,120,20.9,1
57,114575,Salaried,753,3918434,Education,13760,12.01,240,79.5,1
57,16813,Salaried,870,3282838,Personal,8826,52.5,12,100,1
47,108027,Salaried,323,3105319,Personal,79475,73.57,24,3.7,0
48,138489,Salaried,772,68510,Education,60432,43.64,84,70.6,1
26,99381,Salaried,699,3781624,Car,73996,74.46,180,57.3,0
41,70276,Salaried,891,4710009,Home,58204,82.82,120,97.7,1
32,56243,Salaried,433,3510054,Personal,8673,15.42,240,17.9,0
31,75272,Salaried,720,2698323,Education,36158,48.04,24,79.5,1
61,188123,Salaried,512,4971091,Education,74989,39.86,240,29.7,1
59,80618,Salaried,781,986232,Business,15904,19.73,48,84.9,1
27,16920,Self-Employed,647,4998587,Education,15396,90.99,36,52.9,0
29,121121,Salaried,465,4779686,Car,54039,44.62,120,25.2,0
44,91872,Salaried,647,2018487,Personal,4334,4.72,60,59.2,1
47,96132,Self-Employed,697,1635508,Business,27268,28.37,60,70.3,1
33,17093,Salaried,882,1469702,Personal,64636,100,24,100,1
47,27905,Salaried,734,102748,Personal,22068,79.08,84,67.9,0
34,136759,Salaried,876,4041181,Car,28247,20.65,84,96.8,1
61,170423,Salaried,520,1161227,Education,65121,38.21,48,33.7,1
39,45981,Self-Employed,607,4147304,Car,16285,35.42,60,39.7,0
46,88903,Salaried,765,78669,Education,24136,27.15,120,79.3,1
54,85821,Self-Employed,398,3596226,Business,60378,70.35,180,26.4,0
61,124200,Salaried,541,2435835,Car,37787,30.42,84,52.5,1
33,97289,Salaried,457,2019387,Car,24425,25.11,60,28.7,0
57,131506,Salaried,853,3999905,Home,18961,14.42,36,94.2,1
25,93513,Salaried,526,4477974,Car,33443,35.76,120,16.7,0
26,165946,Salaried,722,1917691,Home,18823,11.34,180,92.2,1
58,197003,Salaried,371,1251934,Education,75409,38.28,36,23.3,1
29,153746,Salaried,542,53599,Education,71123,46.26,60,46.4,1
49,65516,Salaried,829,1227089,Education,25852,39.46,24,88.7,1
52,84212,Salaried,888,3473261,Home,37535,44.57,48,80.2,1
30,148498,Self-Employed,344,2650017,Education,7004,4.72,48,8.8,0
50,145970,Salaried,771,1373038,Personal,27823,19.06,180,78.8,1
35,105009,Salaried,670,2412351,Car,54086,51.51,36,50.4,1
61,176015,Salaried,391,695452,Home,7131,4.05,60,18.8,1
43,59816,Salaried,321,1705443,Education,25649,42.88,60,13.4,0
32,19138,Self-Employed,471,2151794,Personal,4099,21.42,24,31.2,0
44,106176,Salaried,491,1632185,Car,50806,47.85,240,34.5,0
22,90945,Self-Employed,376,1440688,Car,31571,34.71,48,15.9,0
58,19017,Salaried,580,3939381,Education,30580,100,240,44.1,0
42,25451,Self-Employed,663,571315,Personal,26469,100,240,66.6,0
47,108863,Salaried,478,1517836,Home,65179,59.87,24,41.9,0
57,25278,Self-Employed,537,3348771,Education,24236,95.88,240,39.8,0
44,58764,Salaried,434,1878918,Car,25110,42.73,240,16.3,0
22,138030,Salaried,579,2788599,Car,23430,16.97,24,35.4,1
61,147206,Salaried,318,4007887,Car,44407,30.17,84,7,0
36,77943,Salaried,894,2220972,Education,37948,48.69,240,100,1
42,110667,Self-Employed,670,2780502,Business,57367,51.84,48,64.6,0
30,69318,Salaried,411,601764,Business,38180,55.08,24,16.6,0
30,118423,Salaried,520,3651627,Business,4652,3.93,120,38.9,1
31,118998,Salaried,603,3862079,Personal,72370,60.82,240,46.2,0
47,75128,Salaried,624,1839033,Education,7084,9.43,84,48.3,1
56,36869,Salaried,736,1218931,Car,45630,100,48,64.7,0
46,20039,Self-Employed,737,3265775,Personal,53276,100,12,64.9,0
47,167353,Salaried,469,4386172,Business,2655,1.59,48,32.4,1
32,127935,Self-Employed,674,2687108,Home,57752,45.14,36,60.2,1
59,25442,Salaried,856,2175258,Personal,47670,100,120,87.2,0
23,88788,Salaried,680,4992422,Personal,5272,5.94,60,52.4,1
28,134729,Self-Employed,313,2073106,Education,218,0.16,36,7.5,0
39,42586,Salaried,799,416074,Personal,37471,87.99,24,91.7,0
48,68053,Salaried,690,2034030,Education,48762,71.65,24,56.8,0
55,196561,Salaried,848,3444493,Home,21515,10.95,60,90.3,1
48,101346,Salaried,864,316651,Car,34307,33.85,180,86.5,1
38,82087,Salaried,829,227375,Car,78681,95.85,180,87,1
45,158697,Self-Employed,791,3298280,Business,17986,11.33,60,86.7,1
46,49397,Salaried,849,3351467,Business,70600,100,24,100,1
28,73671,Salaried,684,2277666,Home,54888,74.5,48,60.4,0
27,131214,Self-Employed,495,2388500,Car,11603,8.84,120,38.1,1
45,81897,Self-Employed,599,1876669,Business,68024,83.06,84,55.6,0
54,172221,Salaried,846,4165361,Personal,28897,16.78,120,89.8,1
50,151355,Salaried,607,3675153,Education,18802,12.42,60,60.4,1
43,153682,Salaried,551,2639201,Business,16411,10.68,24,39.2,1
47,189398,Self-Employed,307,1150620,Home,60399,31.89,180,4.6,0
49,29924,Self-Employed,507,1058882,Car,60692,100,24,29.9,0
42,128143,Salaried,430,180436,Home,57676,45.01,180,25.9,0
28,125253,Salaried,325,4333667,Education,12770,10.2,120,7.6,0
38,115297,Salaried,753,2468113,Education,73513,63.76,36,85,1
41,15869,Self-Employed,485,1725902,Home,37429,100,48,45.5,0
41,112088,Salaried,783,1669530,Business,59429,53.02,120,87.8,1
43,16014,Self-Employed,350,3615117,Business,70085,100,48,13.7,0
49,25103,Self-Employed,304,4650505,Car,20337,81.01,240,0,0
61,125317,Salaried,888,3183105,Car,24507,19.56,120,79.9,1
28,179530,Salaried,459,3218253,Personal,59596,33.2,12,36.9,1
22,97409,Salaried,507,3308021,Personal,70509,72.38,12,49.3,0
53,38248,Salaried,556,4281707,Car,8436,22.06,48,45.2,0
34,189588,Salaried,504,447046,Personal,10086,5.32,240,26,1
51,175133,Salaried,310,3120800,Home,19851,11.33,48,12.7,0
44,170242,Self-Employed,307,2299170,Business,39732,23.34,60,10,0
40,23024,Self-Employed,708,2432800,Personal,14842,64.46,12,51.7,0
53,100947,Salaried,331,1733415,Personal,1745,1.73,24,6.3,0
51,189875,Salaried,839,3513587,Home,12697,6.69,48,91.8,1
50,165368,Salaried,686,3121097,Education,3879,2.35,48,51.5,1
50,106829,Self-Employed,527,3756871,Car,18499,17.32,84,29.2,0
51,107708,Self-Employed,774,161597,Home,35035,32.53,84,87.7,1
37,101664,Salaried,506,4417226,Education,18651,18.35,180,34.9,1
61,164329,Salaried,617,1461379,Home,75224,45.78,240,45.2,1
40,158927,Salaried,856,2444019,Business,76524,48.15,12,87.3,1
39,100178,Salaried,647,3886827,Home,37249,37.18,12,48.2,1
22,116121,Salaried,533,4241161,Home,23849,20.54,84,39.4,1
35,35025,Self-Employed,343,3725555,Business,73309,100,48,13.2,0
23,150530,Self-Employed,441,4177741,Car,29076,19.32,48,32.9,0
49,78610,Salaried,475,1739224,Education,70123,89.2,12,23.8,0
51,85843,Self-Employed,748,2510436,Personal,33124,38.59,240,71.8,0
59,122237,Self-Employed,891,4592429,Car,15787,12.92,36,100,1
25,195903,Salaried,381,1920942,Home,53462,27.29,60,21.1,0
22,189499,Salaried,434,4122743,Personal,71035,37.49,12,25.3,1
29,145299,Self-Employed,476,2943059,Business,3841,2.64,180,39.5,1
50,184578,Salaried,682,244202,Car,44890,24.32,36,78.2,1
60,20668,Self-Employed,542,4566025,Education,25402,100,12,27.3,0
24,193267,Self-Employed,866,3978056,Car,66201,34.25,84,100,1
53,88233,Self-Employed,440,2879380,Car,23237,26.34,12,33.7,0
31,170489,Self-Employed,756,2588309,Personal,42988,25.21,36,66.6,1
31,96982,Self-Employed,739,1665620,Business,76310,78.68,60,76.9,0
40,121133,Self-Employed,355,4851294,Business,553,0.46,48,14.3,0
55,25751,Salaried,826,2980424,Car,13860,53.82,120,78.9,1
54,61218,Salaried,718,350767,Business,7045,11.51,84,69.2,1
44,141649,Salaried,387,4028222,Personal,74916,52.89,36,15.8,0
49,22352,Self-Employed,307,4300994,Personal,56435,100,180,0,0
53,103835,Salaried,776,1197556,Education,32261,31.07,180,76.6,1
28,112493,Salaried,514,567926,Business,78879,70.12,24,46.9,0
50,43927,Salaried,851,971594,Education,2853,6.49,120,100,1
29,187166,Self-Employed,796,506082,Home,75664,40.43,12,73.8,1
22,116948,Self-Employed,802,1478094,Personal,48022,41.06,24,62.3,1
24,44493,Self-Employed,544,3766714,Car,2736,6.15,180,50.6,0
45,46707,Salaried,777,2410406,Personal,33724,72.2,12,94.1,0
44,153368,Self-Employed,608,525197,Home,11440,7.46,24,58.3,1
29,171470,Self-Employed,530,1230034,Car,70716,41.24,12,36,1
58,50842,Salaried,682,1340858,Business,30284,59.56,60,55,0
24,28261,Salaried,454,4213219,Business,11646,41.21,120,30.6,0
54,91709,Salaried,474,1932809,Personal,14342,15.64,84,37.4,1
49,110985,Self-Employed,414,932517,Car,65620,59.13,84,13.7,0
29,121616,Salaried,689,3154632,Car,64261,52.84,84,67,1
55,82173,Salaried,610,1122374,Education,1935,2.35,180,48.2,1
56,46781,Self-Employed,599,1505357,Home,42376,90.58,60,55.9,0
53,28652,Salaried,317,2170179,Business,74798,100,120,0,0
45,20103,Salaried,311,550252,Personal,77140,100,36,5,0
35,40500,Salaried,703,3765222,Car,42481,100,240,64.2,0
53,115336,Salaried,531,4302638,Business,55721,48.31,36,53.2,0
37,181601,Self-Employed,577,2725059,Personal,2838,1.56,84,48.7,1
25,128499,Salaried,652,470091,Business,35330,27.49,36,64.3,1
58,164524,Salaried,602,4924178,Personal,78976,48,12,42.8,1
42,64393,Salaried,840,3349380,Business,36994,57.45,12,88.2,1
35,177246,Salaried,769,309201,Education,30384,17.14,36,81.3,1
52,181508,Salaried,376,2888339,Home,45378,25,48,9.8,1
39,62406,Self-Employed,820,4117520,Business,32643,52.31,24,84.7,1
28,78059,Self-Employed,323,4775326,Home,16926,21.68,240,5.9,0
31,162026,Self-Employed,314,1836936,Business,38977,24.06,180,0,0
28,97722,Self-Employed,824,4555797,Car,23652,24.2,36,83.1,1
54,27356,Salaried,646,4383227,Education,63295,100,120,64,0
44,143128,Salaried,471,2203766,Education,10270,7.18,48,25.4,1
42,17187,Self-Employed,626,253474,Home,61630,100,60,73,0
40,92243,Salaried,784,176745,Car,36417,39.48,48,81.4,1
40,50098,Salaried,788,1852572,Personal,46894,93.6,240,66.5,0
57,167297,Salaried,761,4700325,Education,56042,33.5,120,80.4,1
50,149678,Salaried,677,3145039,Car,63253,42.26,48,54.4,1
39,72620,Salaried,887,2685947,Car,48841,67.26,180,100,0
23,178900,Self-Employed,463,1423651,Home,52723,29.47,24,22.6,0
22,141270,Salaried,671,2746939,Car,20317,14.38,120,57.8,1
26,172561,Salaried,872,950794,Car,55008,31.88,12,100,1
41,29387,Self-Employed,723,1982457,Personal,36434,100,180,57.8,0
32,84463,Self-Employed,776,1457539,Home,46125,54.61,84,75.5,1
23,148663,Salaried,681,2146958,Home,75449,50.75,60,58.7,1
24,194588,Salaried,454,4330424,Car,74102,38.08,240,36.4,1
44,106683,Self-Employed,556,927350,Personal,557,0.52,240,39.9,1
33,77061,Self-Employed,367,640888,Business,44383,57.59,36,3.6,0
41,96257,Self-Employed,643,2713288,Education,6040,6.27,240,59,1
26,76753,Self-Employed,576,581108,Home,46652,60.78,240,38.8,0
58,99774,Self-Employed,690,363678,Personal,60941,61.08,24,59,0
59,157159,Salaried,748,1839087,Personal,74828,47.61,60,80.2,1
51,176888,Self-Employed,558,3583063,Car,26110,14.76,24,20.1,1
30,38408,Salaried,606,2492716,Education,5349,13.93,12,43.3,1
55,139116,Self-Employed,394,1277103,Home,30374,21.83,120,10.3,0
56,146208,Salaried,763,1444208,Business,42591,29.13,48,89.5,1
43,32413,Salaried,545,2660948,Car,57,0.18,60,44.4,0
45,128650,Salaried,486,2886297,Home,74039,57.55,48,30.7,0
38,74500,Salaried,672,583885,Home,64578,86.68,84,61.2,0
31,99514,Salaried,871,1841456,Personal,19121,19.21,24,96.2,1
51,71358,Salaried,705,2661111,Education,5493,7.7,180,69.5,1
44,81197,Salaried,707,4457300,Business,67818,83.52,48,68.8,0
53,178926,Self-Employed,424,3695207,Education,1431,0.8,180,36.2,1
38,91240,Salaried,636,3180512,Personal,60469,66.27,36,52.5,0
38,31322,Self-Employed,640,4656302,Business,62241,100,60,58.1,0
35,128053,Self-Employed,862,4709664,Business,45294,35.37,36,94,1
30,21968,Self-Employed,477,2114731,Car,11351,51.67,120,37,0
61,42518,Salaried,469,2648677,Business,32483,76.4,36,22.6,0
23,66925,Self-Employed,338,908468,Home,31195,46.61,180,3.4,0
46,126900,Salaried,368,3493214,Education,22735,17.92,240,0,0
60,108422,Salaried,535,3085633,Education,15203,14.02,24,47.1,1
30,16700,Salaried,859,1333224,Car,3974,23.8,36,81,1
43,108782,Salaried,680,3310564,Business,39713,36.51,120,67.6,1
25,38199,Self-Employed,356,156998,Personal,12636,33.08,60,22.8,0
47,190661,Salaried,576,4764714,Home,35070,18.39,120,61.4,1
50,178187,Self-Employed,398,430703,Car,29123,16.34,24,13.9,0
55,20520,Self-Employed,826,4989179,Business,31812,100,48,84.9,0
44,124814,Salaried,624,4668322,Personal,28760,23.04,12,53.4,1
58,182527,Salaried,760,2880273,Business,4966,2.72,60,83.9,1
32,138364,Salaried,478,2748457,Car,79698,57.6,180,28.6,0
27,187677,Salaried,873,1578545,Personal,16058,8.56,12,93.3,1
39,29955,Salaried,418,761182,Personal,41482,100,120,28.2,0
42,190121,Self-Employed,768,130291,Personal,2998,1.58,120,78.3,1
57,159989,Self-Employed,848,4072610,Personal,61265,38.29,120,90.1,1
59,79925,Salaried,754,1789528,Business,66445,83.13,12,68.7,1
55,122216,Salaried,325,4824598,Personal,34648,28.35,36,12.4,0
38,85269,Self-Employed,789,2042349,Business,60623,71.1,24,83.5,0
58,177026,Salaried,307,678556,Personal,78033,44.08,60,1.1,0
46,56458,Self-Employed,815,3508010,Personal,7527,13.33,24,70.9,1
59,104037,Salaried,832,2733838,Car,3072,2.95,60,96.3,1
33,167185,Salaried,448,271163,Business,12018,7.19,60,15.6,1
44,114977,Self-Employed,787,1947678,Business,29652,25.79,48,84.8,1
43,58939,Salaried,324,3321341,Education,4476,7.59,120,0,0
42,44345,Self-Employed,854,2249223,Car,27482,61.97,84,83.7,0
48,192385,Self-Employed,724,3700824,Business,62513,32.49,24,78.1,1
52,125107,Salaried,592,160572,Car,16219,12.96,48,49.5,1
27,136866,Salaried,484,2286149,Car,30448,22.25,120,31,1
48,84166,Self-Employed,853,2767159,Car,79903,94.94,240,100,1
61,193933,Self-Employed,730,859063,Home,25120,12.95,240,87.1,1
55,112406,Salaried,616,4891712,Business,6855,6.1,36,50.7,1
33,64298,Self-Employed,697,451099,Car,56553,87.95,12,55.7,0
28,193293,Salaried,623,4132940,Home,68633,35.51,240,65.1,1
31,59942,Salaried,864,1246845,Home,44585,74.38,180,83.2,1
38,18453,Self-Employed,895,2037214,Personal,1084,5.87,120,100,1
47,117811,Salaried,845,326786,Personal,21944,18.63,84,88.7,1
42,69935,Self-Employed,375,4133671,Business,33921,48.5,120,13.1,0
49,137439,Salaried,785,4211011,Personal,61282,44.59,240,90.6,1
23,189442,Salaried,387,2777533,Business,51397,27.13,84,8.2,0
22,23328,Salaried,531,467799,Home,18070,77.46,36,33.6,0
57,30534,Salaried,306,3813901,Home,54987,100,36,7.1,0
47,100280,Self-Employed,849,4848130,Business,56690,56.53,48,100,1
50,51320,Salaried,351,4568462,Personal,61134,100,180,28.3,0
42,64170,Salaried,695,2953107,Personal,59439,92.63,240,54.2,0
32,115546,Salaried,520,4616733,Business,31489,27.25,180,33.3,0
61,95201,Salaried,727,4874471,Education,23178,24.35,24,62.9,1
32,23640,Self-Employed,442,4334933,Personal,79019,100,48,30.4,0
57,176121,Salaried,662,3703432,Car,57956,32.91,48,60.8,1
60,151690,Salaried,681,2486126,Personal,47802,31.51,24,70.5,1
61,147992,Salaried,860,1406258,Education,62778,42.42,180,90.2,1
56,58937,Salaried,576,2456606,Home,57719,97.93,36,51.6,0
55,158279,Salaried,570,1213842,Home,33573,21.21,24,43.6,1
45,179044,Salaried,313,4691154,Home,33688,18.82,120,3.3,1
43,156871,Salaried,597,2946283,Personal,46475,29.63,12,44.9,1
26,174988,Self-Employed,763,4323487,Home,50697,28.97,84,88,1
54,85463,Self-Employed,826,110282,Education,33978,39.76,36,77.6,1
57,108500,Salaried,533,2205401,Education,29677,27.35,36,37.9,1
41,52158,Salaried,874,4776755,Personal,10272,19.69,60,100,1
40,99607,Salaried,326,173844,Car,6212,6.24,36,14.5,0
56,134639,Salaried,770,4999944,Personal,21071,15.65,48,71.6,1
38,86696,Salaried,392,2481275,Home,75236,86.78,36,9,0
55,76510,Salaried,608,2121979,Personal,17297,22.61,120,55.4,1
30,135076,Salaried,351,3987080,Education,51932,38.45,36,13.7,0
47,73692,Salaried,618,2971580,Personal,56884,77.19,48,62.5,0
23,145841,Salaried,480,4700699,Personal,28625,19.63,24,18.7,1
30,30810,Salaried,868,2540388,Car,28831,93.58,24,100,1
30,151198,Salaried,419,962234,Education,56478,37.35,240,12.6,0
61,176081,Salaried,342,4226116,Business,62909,35.73,12,17.7,0
38,126718,Salaried,559,4243352,Business,29367,23.18,12,30.2,1
22,105932,Salaried,496,3074320,Education,45813,43.25,12,23.8,0
46,15192,Salaried,554,2956809,Business,20121,100,36,56.1,0
61,51413,Salaried,635,2346397,Home,35547,69.14,24,70,0
46,158888,Salaried,852,1597840,Business,63642,40.05,36,92.8,1
60,54082,Salaried,801,1183909,Home,24914,46.07,60,80.9,1
56,80048,Salaried,554,3891313,Education,17178,21.46,240,42.2,1
24,138130,Salaried,813,4517255,Business,67258,48.69,24,88.8,1
58,65940,Self-Employed,541,1050778,Business,79421,100,12,44.2,0
51,178202,Salaried,448,4962829,Home,60563,33.99,84,22.3,0
59,55142,Salaried,598,2922325,Home,50050,90.77,36,34.2,0
55,51468,Self-Employed,752,3048277,Personal,62607,100,120,71,0
33,176770,Salaried,692,566243,Car,65638,37.13,84,52.9,1
40,156727,Salaried,511,589353,Business,13262,8.46,120,41.3,1
58,193969,Self-Employed,837,2161577,Car,7453,3.84,60,92.5,1
38,176147,Self-Employed,893,2946695,Car,45174,25.65,12,97.9,1
31,155431,Salaried,894,4106150,Business,77760,50.03,36,97,1
33,144048,Salaried,430,2012821,Home,6172,4.28,36,37.4,1
37,57056,Salaried,628,2490342,Personal,76788,100,120,63.8,0
45,66831,Salaried,555,52175,Education,17918,26.81,36,44.1,0
40,74191,Salaried,778,1372061,Business,7197,9.7,60,75.4,1
29,136948,Salaried,860,2997492,Business,13677,9.99,48,100,1
52,179344,Salaried,362,3876742,Education,11039,6.16,48,11.2,1
42,123117,Self-Employed,610,3649839,Car,27785,22.57,120,46.5,0
38,29671,Self-Employed,706,3779712,Personal,4570,15.4,12,62.9,1
44,42048,Salaried,404,2336113,Car,72242,100,120,22.6,0
58,40963,Salaried,314,4589563,Education,11655,28.45,180,10,0
37,58954,Salaried,558,2439490,Education,47907,81.26,36,48.1,0
27,110430,Self-Employed,711,4672357,Personal,9449,8.56,36,73.8,1
29,15717,Salaried,558,3657838,Education,24630,100,48,40.6,0
46,26676,Salaried,559,3280086,Education,74658,100,84,38.8,0
39,150506,Salaried,344,3560420,Personal,46371,30.81,120,8.5,0
46,195882,Salaried,630,608867,Business,10991,5.61,12,54.3,1
33,133696,Salaried,464,2819067,Car,24887,18.61,48,19.3,1
36,145830,Self-Employed,492,90751,Business,13859,9.5,120,31.7,1
47,19994,Self-Employed,820,1299247,Business,23640,100,24,92.2,0
47,19234,Salaried,700,3269908,Car,48339,100,12,63.5,0
53,84300,Salaried,673,4449054,Business,53235,63.15,12,74.9,0
31,58949,Salaried,364,3229249,Personal,2512,4.26,84,0.7,0
37,52405,Self-Employed,686,2683004,Car,21912,41.81,60,57.7,0
28,49872,Self-Employed,794,679443,Home,35515,71.21,12,77.8,0
38,57215,Self-Employed,714,1038144,Business,15416,26.94,36,75.6,1
44,38185,Self-Employed,329,1089535,Education,72816,100,120,6.5,0
47,189514,Salaried,565,2334302,Car,76510,40.37,240,37.1,1
42,197831,Salaried,627,3546619,Home,43746,22.11,240,39.5,1
43,56153,Salaried,791,847634,Education,43775,77.96,84,72.3,1
28,92535,Self-Employed,516,421551,Home,12227,13.21,36,22,0
35,148653,Salaried,619,2058265,Business,13031,8.77,12,60.2,1
36,66717,Salaried,698,4219895,Education,33000,49.46,36,57.9,0
28,17763,Self-Employed,404,1757621,Business,51253,100,24,22.8,0
30,107910,Salaried,629,3285925,Education,67564,62.61,60,59.2,0
29,70480,Salaried,346,1141213,Car,18313,25.98,180,17.2,0
44,184831,Self-Employed,898,4918030,Personal,75186,40.68,60,93.9,1
50,133094,Salaried,613,3692192,Personal,57751,43.39,12,55.4,1
39,171379,Salaried,446,1965954,Home,52492,30.63,36,25.3,1
52,26064,Self-Employed,761,4057374,Education,30364,100,60,77.8,0
51,91848,Salaried,883,205647,Business,18361,19.99,120,97,1
60,52548,Self-Employed,785,3630345,Car,67949,100,60,87.6,0
56,183017,Salaried,709,1228102,Car,31070,16.98,60,74,1
39,194009,Salaried,326,3703451,Car,22409,11.55,120,4.3,1
60,21476,Self-Employed,328,511833,Personal,29854,100,180,1,0
38,197828,Salaried,570,4922685,Business,29655,14.99,180,40.4,1
35,105101,Salaried,800,4122681,Car,9952,9.47,120,83.6,1
52,17382,Self-Employed,552,2666670,Car,36365,100,36,43.8,0
45,195755,Salaried,684,3298394,Home,66156,33.8,24,63.3,1
56,191348,Salaried,359,1804741,Education,56724,29.64,12,0,0
55,179474,Salaried,406,1180127,Education,15455,8.61,84,15.2,1
24,173018,Salaried,519,3791896,Education,47673,27.55,240,32.3,1
58,94698,Salaried,740,4974306,Home,974,1.03,36,73.5,1
61,168407,Salaried,863,1001710,Personal,12679,7.53,60,100,1
47,60095,Self-Employed,871,4357427,Home,61791,100,240,98.6,1
44,144974,Self-Employed,845,2877700,Car,27429,18.92,240,100,1
60,42197,Salaried,395,3089206,Business,18073,42.83,120,10.4,0
36,142619,Salaried,388,3564734,Car,70207,49.23,48,14.8,0
25,37010,Salaried,530,1347327,Car,30365,82.05,24,48.2,0
50,170195,Salaried,574,4061577,Business,55928,32.86,24,33,0
43,102923,Self-Employed,545,885669,Education,74453,72.34,48,39,0
46,148962,Self-Employed,410,720774,Home,7784,5.23,12,23.3,1
34,145526,Self-Employed,533,1227209,Personal,12291,8.45,48,38.3,1
39,124162,Salaried,577,916297,Car,26154,21.06,84,41.6,1
54,135927,Salaried,776,1740045,Car,25650,18.87,84,75.2,1
37,23026,Salaried,716,4830651,Personal,68741,100,120,71.9,0
23,79925,Salaried,427,361294,Home,36201,45.29,60,8.6,0
56,83842,Salaried,536,1663955,Car,39479,47.09,240,40.3,0
55,48665,Self-Employed,427,2351348,Personal,72920,100,24,27,0
51,24277,Salaried,693,2988926,Car,50243,100,24,62.6,0
34,188311,Self-Employed,774,3999770,Education,68595,36.43,48,66.5,1
34,193736,Salaried,694,1919060,Education,31734,16.38,48,61.6,1
39,63008,Salaried,410,4593511,Car,42568,67.56,48,17.3,0
53,29683,Salaried,389,3118689,Car,25793,86.89,12,6.2,0
53,146742,Salaried,579,2569379,Education,52204,35.58,48,46.7,1
56,163961,Salaried,632,4147996,Car,46746,28.51,60,56.7,1
60,190607,Salaried,523,4866132,Home,31989,16.78,240,46.8,1
50,93542,Self-Employed,400,4297837,Home,49465,52.88,36,15.3,0
50,69319,Salaried,431,1218964,Business,61383,88.55,36,22.7,0
37,107067,Salaried,312,845063,Home,16767,15.66,60,0,0
31,167711,Self-Employed,756,3283116,Car,38652,23.05,84,72.2,1
51,162705,Self-Employed,740,4179295,Car,13383,8.23,36,79,1
46,180732,Self-Employed,397,4017924,Personal,70784,39.17,12,14.3,0
60,83975,Salaried,419,3952859,Home,60089,71.56,180,26.4,0
41,178244,Self-Employed,592,4234737,Education,26440,14.83,12,48.3,1
26,116158,Salaried,300,4357380,Education,52443,45.15,24,0,0
22,26577,Salaried,871,3819023,Business,56325,100,36,89.6,1
51,92299,Salaried,549,2868710,Personal,55919,60.58,84,60.8,0
24,35176,Salaried,448,4007100,Education,16611,47.22,48,23.9,0
35,190458,Salaried,694,3041002,Business,63483,33.33,48,52.7,1
51,78972,Salaried,343,1170368,Home,22457,28.44,240,0,0
25,135018,Salaried,343,2568800,Personal,10256,7.6,84,1.5,0
39,187075,Salaried,377,845005,Personal,54856,29.32,24,5.7,1
58,34996,Salaried,525,3332178,Car,40533,100,120,28.7,0
46,115922,Self-Employed,461,4572289,Home,28281,24.4,36,38.5,0
22,101598,Self-Employed,552,1644745,Personal,67275,66.22,240,47.3,0
36,50931,Salaried,431,4833877,Business,1525,2.99,84,20.2,0
30,139168,Self-Employed,747,815127,Education,16453,11.82,180,69.8,1
36,181782,Self-Employed,773,2618805,Home,6251,3.44,12,77.5,1
45,138099,Salaried,408,3018174,Home,19507,14.13,24,32.2,0
25,49693,Salaried,334,4565593,Personal,79396,100,84,0,0
33,181812,Self-Employed,766,1418240,Personal,27906,15.35,36,65,1
58,123944,Self-Employed,574,2988396,Personal,73185,59.05,12,51,0
58,32374,Salaried,486,3398410,Business,13193,40.75,84,39.1,0
27,96471,Salaried,542,1984062,Car,64042,66.38,60,51.9,0
60,60913,Salaried,563,2041524,Personal,59516,97.71,240,41,0
45,138683,Salaried,821,3613733,Car,30692,22.13,84,84.1,1
32,59516,Self-Employed,840,4504015,Car,70490,100,60,100,1
34,102796,Self-Employed,386,675122,Home,33512,32.6,12,19.1,0
55,41069,Salaried,834,2187154,Education,10719,26.1,12,88.3,1
46,133333,Self-Employed,509,305549,Education,55427,41.57,12,38.9,0
28,99811,Salaried,345,1841624,Business,27649,27.7,120,4,0
25,133028,Self-Employed,766,4727147,Business,12402,9.32,84,80.1,1
29,54178,Salaried,839,424994,Education,9216,17.01,60,92.1,1
41,47821,Salaried,325,1752875,Education,31050,64.93,48,10.8,0
50,197799,Salaried,565,4199285,Home,50093,25.33,180,36.3,1
31,31999,Salaried,474,1828650,Home,5050,15.78,180,31.8,0
55,53712,Salaried,815,3476349,Education,46716,86.97,60,76.5,0
47,186244,Salaried,610,2849045,Personal,2438,1.31,48,66.7,1
24,48722,Salaried,621,4514944,Personal,47431,97.35,24,50.1,0
27,25625,Self-Employed,878,1219098,Home,16760,65.4,120,83.1,0
26,21859,Salaried,434,4649790,Car,77614,100,60,44.6,0
26,187681,Salaried,354,2878520,Education,16473,8.78,36,4.8,0
44,189379,Salaried,842,2430020,Business,43815,23.14,240,91.1,1
30,125986,Self-Employed,885,4718710,Personal,62460,49.58,240,83.9,1
56,36839,Salaried,830,1699478,Car,9257,25.13,180,87.9,1
41,42216,Self-Employed,455,1192142,Personal,25634,60.72,12,39.2,0
56,67953,Self-Employed,446,3322920,Car,60403,88.89,36,30,0
39,64522,Salaried,784,4646218,Education,46573,72.18,24,67.1,1
38,150958,Salaried,898,3663725,Education,28648,18.98,48,93.6,1
45,126249,Salaried,319,3312983,Education,48980,38.8,24,10.5,0
24,22485,Salaried,568,4076642,Home,10296,45.79,180,49.8,0
53,177527,Self-Employed,632,4281659,Car,60197,33.91,12,51.4,1
56,162839,Self-Employed,854,1136266,Business,21959,13.49,48,95.5,1
59,127701,Salaried,700,3626758,Business,14570,11.41,60,57.1,1
34,174525,Salaried,605,3882733,Education,35423,20.3,48,40.4,1
46,117638,Self-Employed,327,790174,Business,17899,15.22,180,0,0
30,199514,Salaried,766,253811,Personal,35785,17.94,24,85.1,1
25,197949,Salaried,559,1679494,Car,62806,31.73,240,42.3,1
35,27226,Salaried,833,4423547,Car,56963,100,24,88.9,1
58,108405,Salaried,400,1644522,Car,77875,71.84,24,0,0
55,37588,Self-Employed,850,4522245,Personal,34341,91.36,24,91.3,0
32,177781,Salaried,652,2992383,Home,5597,3.15,180,63.1,1
24,193860,Salaried,599,3576173,Personal,10244,5.28,36,33.1,1
49,52019,Self-Employed,595,580553,Car,3796,7.3,180,49.5,0
50,191020,Salaried,652,3845627,Car,75589,39.57,120,58.1,1
30,80133,Self-Employed,429,1301782,Car,28528,35.6,48,17.8,0
24,129444,Salaried,455,2116799,Business,18648,14.41,120,36.3,1
46,132603,Salaried,373,496710,Home,535,0.4,180,20.7,1
55,173598,Self-Employed,641,3180108,Personal,48469,27.92,84,83.4,1
33,143585,Salaried,764,1780934,Car,64912,45.21,84,67.6,1
30,198270,Salaried,389,3159070,Education,44493,22.44,36,18.3,1
36,58395,Salaried,878,2077419,Home,72417,100,60,100,1
61,170103,Salaried,754,1506098,Education,45785,26.92,24,70.1,1
46,140814,Salaried,631,3374145,Home,66561,47.27,60,68.7,1
26,183773,Self-Employed,647,3338685,Car,30869,16.8,60,60.8,1
32,127599,Self-Employed,532,3829697,Home,65094,51.01,120,24.7,0
55,40939,Self-Employed,897,3775613,Home,30192,73.75,48,89.2,0
45,195217,Salaried,401,4120675,Car,69157,35.43,84,12.2,0
36,166396,Salaried,780,147375,Education,79941,48.04,240,79.3,1
59,168939,Salaried,513,1869941,Education,57544,34.06,48,45.4,1
29,15203,Self-Employed,407,3999244,Business,4403,28.96,84,17.1,0
26,162616,Salaried,464,3547319,Education,36091,22.19,240,36.9,1
47,161971,Salaried,634,2239465,Education,52510,32.42,12,56.5,1
39,44063,Self-Employed,385,2967945,Home,5017,11.39,180,14.3,0
27,105880,Salaried,723,130294,Business,39203,37.03,12,68.2,1
58,18748,Salaried,663,2242209,Car,56473,100,48,68.4,0
34,132269,Self-Employed,359,2298753,Car,52123,39.41,36,10.9,0
49,95764,Self-Employed,781,3909662,Personal,48260,50.39,48,74.3,1
26,166956,Salaried,549,433829,Business,45938,27.52,120,44.2,1
34,171255,Salaried,859,4218562,Home,57929,33.83,240,89.5,1
38,123036,Self-Employed,416,1592708,Personal,37372,30.37,240,15.2,0
61,165331,Salaried,844,2125713,Personal,53252,32.21,12,100,1
53,182031,Salaried,343,4759607,Car,14628,8.04,12,5.9,1
50,131525,Salaried,808,1072762,Education,12501,9.5,240,100,1
24,179529,Salaried,464,604700,Home,30131,16.78,48,33.2,1
61,100679,Salaried,667,4498232,Business,68348,67.89,36,55,1
55,140829,Salaried,591,1310680,Personal,9402,6.68,240,41.8,1
61,143216,Salaried,585,4247232,Home,55956,39.07,60,37.6,0
48,148175,Salaried,503,901590,Car,51920,35.04,84,38.7,1
34,80901,Self-Employed,823,1260280,Personal,26000,32.14,12,80.3,1
54,190607,Self-Employed,420,82309,Personal,67462,35.39,12,1.9,0
27,162175,Self-Employed,487,90449,Car,66392,40.94,120,18,0
45,113046,Salaried,312,1790831,Car,5988,5.3,180,0,0
40,105012,Salaried,499,3567937,Car,74279,70.73,180,35.9,0
37,93278,Salaried,885,2652226,Home,56999,61.11,120,96.8,1
61,27391,Self-Employed,755,4843485,Home,69674,100,240,83.4,0
49,117476,Salaried,747,1554915,Home,53426,45.48,12,67.2,1
54,174973,Salaried,370,2958760,Education,58824,33.62,24,9.1,0
34,135721,Self-Employed,889,4918073,Personal,74399,54.82,36,100,1
46,112537,Salaried,429,3394301,Home,60659,53.9,60,18.8,0
57,96159,Salaried,342,3221743,Education,37790,39.3,48,8.8,0
48,146040,Self-Employed,819,1586519,Personal,22118,15.15,48,81.2,1
59,196429,Self-Employed,312,4618798,Home,52025,26.49,180,0.2,0
28,184509,Salaried,834,1951412,Car,59938,32.49,180,92.8,1
26,50503,Self-Employed,601,166751,Business,5149,10.2,120,55.4,0
52,90403,Self-Employed,826,1804217,Home,38079,42.12,12,88.6,1
44,187330,Self-Employed,872,1782968,Business,2484,1.33,48,93.3,1
31,179796,Salaried,414,1389025,Home,55474,30.85,12,20,1
53,79286,Salaried,759,3250034,Car,48601,61.3,60,70.6,1
51,89842,Salaried,804,2366400,Business,43809,48.76,36,82.3,1
60,119927,Self-Employed,607,1219715,Education,20791,17.34,36,53.8,0
52,29908,Salaried,624,3098500,Car,69343,100,48,61.9,0
39,196698,Salaried,878,2918839,Business,26648,13.55,24,89,1
57,52228,Salaried,474,4119617,Business,31090,59.53,120,27.6,0
23,38386,Self-Employed,813,3835407,Car,17857,46.52,48,77.5,0
35,192826,Salaried,471,3725378,Car,62327,32.32,60,24.9,1
34,43302,Salaried,801,2183520,Car,42967,99.23,24,91.5,1
50,75815,Salaried,633,4288413,Personal,53709,70.84,84,51.2,0
33,78344,Salaried,583,1287293,Education,67948,86.73,240,46.4,0
60,181690,Self-Employed,774,1024501,Home,48861,26.89,180,69.1,1
23,126603,Self-Employed,353,77426,Business,68718,54.28,180,4.3,0
53,76114,Salaried,757,954064,Home,20948,27.52,24,63.8,1
34,40525,Salaried,878,2660320,Car,33782,83.36,48,98.6,1
48,94818,Self-Employed,719,4091371,Education,50756,53.53,180,72.8,0
38,129589,Salaried,708,1026729,Education,68388,52.77,12,70.7,1
61,160406,Salaried,603,721367,Personal,66809,41.65,180,53.7,1
52,109715,Self-Employed,858,2192010,Car,7649,6.97,36,95.7,1
55,21644,Salaried,521,2061153,Business,29002,100,180,24.6,0
45,116154,Self-Employed,832,3547914,Personal,34723,29.89,84,82.4,1
56,179005,Salaried,457,3740255,Car,74314,41.52,120,8.2,0
27,58469,Salaried,647,506185,Personal,70085,100,24,54.1,0
40,179759,Salaried,458,1139867,Home,11809,6.57,12,19.4,1
51,121609,Self-Employed,534,1137381,Car,58169,47.83,84,38.7,0
28,198728,Salaried,704,1197407,Business,8302,4.18,36,87,1
31,163447,Salaried,556,2296667,Business,8100,4.96,48,48.9,1
53,80206,Self-Employed,888,59290,Car,68447,85.34,240,100,1
55,111462,Salaried,896,1904080,Personal,77627,69.64,36,100,1
49,182679,Salaried,857,879722,Education,74635,40.86,24,92,1
36,98178,Salaried,346,4329490,Car,55020,56.04,24,7.6,0
51,170065,Self-Employed,512,1900123,Business,5663,3.33,24,42.3,1
58,190458,Salaried,778,1628013,Home,44649,23.44,84,81.7,1
50,192359,Salaried,786,2975576,Business,47136,24.5,24,78.7,1
43,101724,Salaried,870,4079884,Education,36104,35.49,120,100,1
25,111393,Salaried,865,835088,Business,39137,35.13,120,97.7,1
41,142314,Self-Employed,641,2058880,Education,2534,1.78,120,45.4,1
53,91312,Self-Employed,823,1915407,Car,67762,74.21,24,85.7,0
57,90324,Self-Employed,802,1930519,Business,52445,58.06,120,84.1,0
25,86196,Self-Employed,305,2524427,Personal,9585,11.12,180,0,0
48,85014,Self-Employed,443,1622566,Personal,76438,89.91,180,20.8,0
38,154282,Salaried,560,3418410,Business,36392,23.59,24,40,1
33,156994,Self-Employed,884,984814,Business,31126,19.83,60,83.1,1
43,182361,Salaried,531,4982206,Home,42485,23.3,84,22.8,1
38,48340,Salaried,569,356489,Business,45798,94.74,240,39.6,0
31,54850,Self-Employed,746,4860321,Home,68310,100,84,71.1,0
22,128711,Salaried,521,2812734,Home,9017,7.01,84,26.1,1
43,26094,Self-Employed,351,4202554,Home,25700,98.49,84,0.3,0
47,102959,Salaried,415,3096165,Home,36507,35.46,240,17.1,0
39,179490,Salaried,837,2278610,Car,47679,26.56,120,97.7,1
35,20741,Salaried,864,2188030,Personal,37232,100,12,100,0
50,126585,Salaried,840,3951359,Home,24020,18.98,12,98,1
33,137564,Self-Employed,318,1713216,Personal,57172,41.56,48,0,0
57,83798,Salaried,691,1038807,Home,13746,16.4,24,63.4,1
56,131026,Salaried,718,2976473,Personal,63537,48.49,36,79.6,1
33,125130,Salaried,608,2733684,Business,4094,3.27,120,37.2,1
28,37164,Salaried,485,2035243,Business,68466,100,120,27.2,0
50,181667,Salaried,560,3939200,Personal,30755,16.93,36,45.1,1
32,45257,Self-Employed,827,750461,Home,11552,25.53,24,74.2,1
54,160283,Salaried,572,750066,Car,59491,37.12,12,48.8,1
27,110989,Self-Employed,459,782444,Personal,19779,17.82,240,38.9,0
36,151304,Self-Employed,523,4259419,Education,29000,19.17,36,47,1
53,67691,Salaried,555,614267,Car,53953,79.7,240,41.1,0
32,94768,Self-Employed,479,2843153,Education,57564,60.74,48,36.3,0
44,171685,Self-Employed,319,3972874,Personal,14102,8.21,84,0,0
47,29026,Salaried,767,4216421,Home,1861,6.41,120,80.1,1
55,199607,Salaried,509,4900258,Education,43574,21.83,84,32.4,1
55,45908,Salaried,812,457609,Personal,32682,71.19,12,84.1,0
50,198185,Self-Employed,357,4672900,Car,78819,39.77,84,10.3,0
25,34610,Self-Employed,392,750416,Home,77972,100,84,18.4,0
38,192718,Self-Employed,520,4201511,Education,65185,33.82,60,25,0
56,78185,Salaried,531,3588236,Personal,74426,95.19,36,30.7,0
34,87567,Salaried,663,2132264,Home,48120,54.95,36,58.4,0
60,193646,Salaried,861,4886835,Home,38297,19.78,120,79.3,1
36,51182,Salaried,673,3069517,Business,8299,16.21,180,63.3,1
50,131136,Salaried,755,1658990,Home,41348,31.53,36,82.5,1
50,146642,Self-Employed,387,2751822,Personal,41384,28.22,36,25.6,0
32,34288,Self-Employed,319,3418513,Car,76693,100,120,3.9,0
53,93824,Self-Employed,313,2689668,Business,32687,34.84,120,17.3,0
23,175949,Salaried,432,4792601,Personal,64577,36.7,240,21.7,0
35,99425,Salaried,333,836526,Personal,60047,60.39,84,0,0
41,15917,Salaried,507,1598780,Personal,10191,64.03,120,34.1,0
43,90602,Self-Employed,498,3276364,Education,56884,62.78,12,31.4,0
32,79575,Self-Employed,891,3294181,Education,54911,69.01,120,100,1
48,87518,Salaried,882,2637033,Car,77303,88.33,24,99.2,1
24,54104,Salaried,454,2128850,Personal,43726,80.82,120,27.3,0
38,164134,Salaried,889,2407395,Education,34623,21.09,36,100,1
49,31999,Salaried,377,2482108,Education,50000,100,240,9.4,0
50,156013,Salaried,471,1426807,Education,71494,45.83,60,32.8,1
42,76169,Salaried,588,3440584,Car,63027,82.75,120,50.2,0
37,169542,Salaried,844,3245335,Car,58995,34.8,180,91.6,1
58,144744,Self-Employed,719,1501537,Personal,42876,29.62,24,69.3,1
41,125684,Salaried,306,3564536,Business,51070,40.63,12,0,0
27,74821,Salaried,459,2689770,Personal,66224,88.51,120,24.5,0
40,190507,Salaried,539,1809268,Education,25365,13.31,84,38.3,1
26,150601,Salaried,722,2644489,Education,29663,19.7,84,64.6,1
24,27192,Salaried,835,2070612,Home,65436,100,24,78.3,1
22,89102,Salaried,369,1874998,Personal,63211,70.94,36,7,0
59,129894,Salaried,515,4465741,Education,10909,8.4,48,32,1
36,101795,Salaried,403,582358,Education,60883,59.81,36,6.4,0
55,180159,Self-Employed,353,925475,Business,12713,7.06,24,0,0
56,81677,Salaried,629,351065,Home,12614,15.44,36,38.1,1
46,150699,Self-Employed,502,2153741,Personal,20734,13.76,84,36,1
45,149327,Salaried,587,2080489,Car,30709,20.56,240,55.7,1
33,151285,Salaried,344,3026579,Personal,22885,15.13,48,7.5,0
39,117412,Salaried,497,2183527,Personal,71622,61,84,29.6,0
36,34404,Salaried,515,2190237,Business,78267,100,12,24.7,0
37,131545,Self-Employed,780,4829432,Personal,13341,10.14,84,62.4,1
48,171452,Self-Employed,608,3030631,Business,39435,23,36,51.1,1
29,165245,Self-Employed,734,1944728,Business,12976,7.85,240,77.3,1
46,199099,Self-Employed,631,3081402,Education,77869,39.11,48,48.5,1
38,38989,Salaried,326,3486386,Car,5290,13.57,120,12.8,0
50,123106,Salaried,465,245961,Business,45812,37.21,48,22,0
29,39519,Salaried,617,4133028,Home,50528,100,84,61.5,0
36,37439,Self-Employed,573,3796050,Home,58570,100,120,39.3,0
48,133570,Self-Employed,682,4176030,Car,56399,42.22,24,42.4,1
28,29995,Salaried,664,3556260,Business,48437,100,84,65.7,0
24,38559,Self-Employed,402,1554777,Car,57907,100,180,9.6,0
50,104049,Salaried,802,4147824,Education,48723,46.83,84,71.3,1
45,151093,Salaried,672,2191997,Home,35655,23.6,24,65.9,1
24,113000,Salaried,544,4129162,Personal,55833,49.41,48,33.6,0
41,167191,Self-Employed,468,3449987,Home,23997,14.35,12,16.7,0
36,197611,Self-Employed,717,3479031,Business,66876,33.84,120,80,1
46,54350,Salaried,655,2635440,Car,26013,47.86,180,57.5,0
51,192295,Salaried,777,2777162,Home,32862,17.09,24,68,1
35,40517,Salaried,424,3432172,Personal,52448,100,60,17,0
28,168322,Self-Employed,836,2986036,Personal,45608,27.1,180,100,1
38,104132,Salaried,701,1864099,Car,40894,39.27,180,67.7,1
41,74546,Salaried,816,3933734,Car,50649,67.94,60,80.9,1
57,120686,Salaried,830,321984,Home,62104,51.46,180,92.3,1
30,103151,Salaried,553,4740136,Business,76459,74.12,84,38.5,0
59,18327,Salaried,420,352912,Education,39821,100,60,15.9,0
43,135318,Self-Employed,331,857359,Personal,47940,35.43,48,0,0
23,175840,Salaried,336,1983630,Car,10935,6.22,60,12.8,0
45,188860,Self-Employed,641,3211057,Education,12467,6.6,48,58.4,1
29,130945,Salaried,312,1114367,Education,11073,8.46,12,13.4,0
32,61830,Salaried,482,1489605,Education,7691,12.44,36,32.8,0
34,67446,Salaried,564,2816884,Business,46538,69,180,56.2,0
38,161232,Self-Employed,387,421698,Car,24490,15.19,120,19.7,0
29,180070,Self-Employed,761,2277588,Personal,15688,8.71,120,74.8,1
42,173302,Self-Employed,345,3445622,Car,50650,29.23,36,6.4,0
39,155148,Salaried,691,2443666,Home,13829,8.91,240,79.8,1
51,84341,Salaried,418,1149984,Personal,3086,3.66,84,30.1,0
39,46085,Self-Employed,830,1244882,Car,2590,5.62,180,100,1
52,70571,Self-Employed,746,2444712,Personal,39893,56.53,180,66.3,0
59,160787,Salaried,345,1171015,Home,73396,45.65,36,0,0
53,143308,Self-Employed,807,592530,Personal,38176,26.64,48,77.8,1
32,20750,Salaried,857,2852766,Education,67484,100,84,94.2,0
46,128931,Salaried,825,1964332,Business,26295,20.39,24,82.3,1
54,93768,Salaried,896,871681,Home,38131,40.67,120,99.6,1
59,50903,Salaried,302,1985132,Personal,44893,88.19,24,0,0
29,178165,Salaried,327,3435375,Home,11924,6.69,60,0,0
32,106036,Salaried,680,921510,Education,10851,10.23,48,66.8,1
43,102954,Salaried,456,3910872,Business,7734,7.51,240,26.2,0
45,180386,Salaried,810,4641204,Home,42681,23.66,24,95.6,1
38,194297,Salaried,632,4661315,Education,5293,2.72,120,56.6,1
33,98014,Self-Employed,413,4706707,Education,53203,54.28,120,25.1,0
53,181251,Salaried,688,4385807,Education,13820,7.62,120,58.1,1
36,132305,Salaried,786,401771,Personal,67827,51.27,12,83.8,1
37,171410,Salaried,549,2237533,Car,47163,27.51,180,48,1
43,47101,Self-Employed,870,4596475,Home,12391,26.31,24,99.5,1
49,17775,Salaried,614,3448369,Car,41970,100,60,50.5,0
41,126497,Salaried,538,1809308,Education,46823,37.02,24,42.5,0
54,60619,Salaried,533,906798,Car,30796,50.8,60,43.8,0
31,191910,Self-Employed,602,144176,Education,36389,18.96,120,59.9,1
61,165611,Salaried,633,385014,Education,3352,2.02,84,51,1
53,72124,Salaried,412,4815979,Business,28172,39.06,60,9.7,0
54,80149,Salaried,661,3904015,Business,10937,13.65,48,53.5,1
23,41616,Salaried,396,845736,Car,66481,100,180,17.2,0
54,183171,Self-Employed,315,1902040,Home,73509,40.13,180,2.5,0
54,76799,Self-Employed,855,141291,Car,23552,30.67,12,97.5,1
34,105221,Salaried,675,949321,Home,14118,13.42,24,69.1,1
51,129879,Self-Employed,689,3785568,Car,11290,8.69,36,49.8,1
54,40479,Salaried,516,2570022,Personal,25123,62.06,12,32.2,0
34,192244,Salaried,698,3234972,Personal,59551,30.98,36,68,1
47,114165,Self-Employed,559,3594886,Home,52136,45.67,180,52.1,0
43,70863,Salaried,619,2197849,Business,63886,90.15,48,52.7,0
60,188115,Self-Employed,495,3984853,Home,75902,40.35,120,43.4,0
23,97569,Salaried,777,762111,Car,67333,69.01,120,83.9,1
59,161480,Salaried,717,2791186,Education,44016,27.26,60,72.5,1
60,31351,Salaried,774,557099,Personal,21427,68.35,12,78.1,1
47,150203,Salaried,867,2254924,Education,2257,1.5,48,94.3,1
36,59825,Self-Employed,843,2265080,Personal,67733,100,120,93.1,0
55,26349,Salaried,530,1416825,Car,8222,31.2,60,36.8,0
61,59254,Self-Employed,820,4441283,Personal,25187,42.51,24,95.6,1
32,53225,Salaried,499,3878471,Home,79688,100,180,40.2,0
24,27453,Salaried,898,2170556,Education,20781,75.7,24,100,1
27,164886,Self-Employed,320,1565675,Education,11004,6.67,180,0,0
30,164335,Self-Employed,610,150965,Car,57600,35.05,24,43.1,1
27,92694,Salaried,887,3776348,Education,25515,27.53,60,100,1
30,30735,Self-Employed,895,3366219,Car,71688,100,48,98.5,0
60,161902,Salaried,733,1987627,Business,72708,44.91,12,74.2,1
52,62893,Salaried,670,4352573,Home,3185,5.06,180,52.7,1
53,190745,Salaried,859,3007428,Personal,54476,28.56,36,81.5,1
33,142006,Self-Employed,377,2579610,Personal,31212,21.98,48,14.7,0
29,60066,Salaried,841,2256851,Personal,74697,100,48,84.1,0
29,149445,Self-Employed,584,1719090,Business,48533,32.48,60,53,1
49,156407,Salaried,439,2249433,Home,37630,24.06,36,18.2,1
41,169813,Self-Employed,852,550508,Education,68606,40.4,240,84.9,1
28,25692,Salaried,581,1161545,Education,74099,100,48,28.7,0
32,193367,Self-Employed,861,3756676,Home,16585,8.58,48,100,1
41,60541,Salaried,557,139244,Home,49240,81.33,84,48.4,0
37,180129,Self-Employed,659,3089382,Personal,14772,8.2,180,47.9,1
25,81983,Self-Employed,739,244068,Education,79991,97.57,120,57.2,0
27,165655,Self-Employed,569,4786137,Home,71835,43.36,48,40.1,0
43,168837,Salaried,433,707739,Education,75724,44.85,48,29.7,0
47,169978,Self-Employed,403,1325421,Home,17938,10.55,60,12.9,0
24,135747,Salaried,394,2651852,Car,21983,16.19,60,14,0
35,100103,Self-Employed,872,746480,Personal,12874,12.86,12,100,1
32,192597,Self-Employed,779,1378529,Home,60896,31.62,180,71.9,1
39,184302,Salaried,540,1993419,Business,46209,25.07,60,34.5,1
33,165592,Salaried,312,1832414,Home,32822,19.82,36,3.8,1
44,198006,Salaried,446,4657011,Car,20750,10.48,36,22.1,1
33,40566,Salaried,394,3376254,Business,42083,100,48,8.6,0
34,88193,Salaried,592,2479365,Business,27946,31.69,120,54.3,1
46,176206,Salaried,324,3022703,Home,1552,0.88,60,8.1,1
40,156417,Salaried,571,2437117,Car,73331,46.88,12,51.8,1
57,136015,Salaried,804,1070576,Business,5271,3.88,60,82.8,1
29,187257,Salaried,465,735305,Personal,65651,35.06,60,13.4,1
50,145956,Salaried,386,3617354,Personal,28994,19.86,84,14.4,0
53,85744,Self-Employed,790,506982,Education,27186,31.71,120,72.3,1
39,48455,Salaried,440,4470266,Education,30267,62.46,60,7.1,0
27,174090,Self-Employed,402,2547537,Car,39140,22.48,24,14.8,0
39,69219,Salaried,525,578118,Business,24935,36.02,24,38.3,0
40,60991,Salaried,874,3120962,Personal,31748,52.05,48,100,1
43,88616,Self-Employed,593,1971948,Personal,3837,4.33,12,39.2,1
58,102438,Salaried,605,1257405,Car,64875,63.33,120,56.2,1
53,131841,Salaried,553,3259595,Business,62694,47.55,12,29.4,0
24,155558,Salaried,479,2836278,Car,9610,6.18,36,40,1
49,184934,Salaried,339,1917427,Home,28615,15.47,120,0.9,1
31,73870,Salaried,819,1508038,Personal,76644,100,84,83.8,1
56,101694,Salaried,845,1123572,Car,22347,21.97,120,88.3,1
50,58856,Salaried,535,4557760,Car,34062,57.87,60,45.2,0
36,116407,Salaried,762,3854153,Home,55122,47.35,180,65.4,1
54,46379,Salaried,527,1371187,Education,48431,100,84,36.4,0
28,79729,Salaried,782,1340028,Personal,73086,91.67,48,75.2,1
33,174450,Salaried,729,4862961,Car,28205,16.17,12,89.1,1
51,69353,Salaried,321,366096,Personal,18459,26.62,24,0,0
42,196068,Self-Employed,642,3122721,Education,23750,12.11,84,36.3,1
52,29031,Salaried,339,2705609,Car,27729,95.52,48,20.1,0
45,80982,Salaried,472,3212557,Home,38585,47.65,36,32.6,0
41,51683,Salaried,738,2151674,Personal,45635,88.3,120,66.7,0
58,129091,Self-Employed,478,1970695,Home,44854,34.75,120,29.4,0
25,132797,Salaried,897,1527111,Education,76226,57.4,24,93.1,1
49,163690,Self-Employed,432,3578206,Education,29104,17.78,180,6.3,0
41,21587,Salaried,650,4139775,Personal,14770,68.42,12,57,0
45,77790,Salaried,824,2265728,Education,75993,97.69,120,86,1
53,46480,Self-Employed,839,3692064,Business,17957,38.63,12,92.5,1
57,166599,Salaried,805,3051003,Personal,55178,33.12,36,76.4,1
55,38569,Salaried,383,1166741,Business,20828,54,36,7.6,0
57,26151,Self-Employed,763,3629399,Education,17171,65.66,24,74.2,0
23,59739,Self-Employed,642,4786033,Personal,61465,100,60,49.2,0
36,47954,Salaried,579,2177868,Business,13146,27.41,48,55.6,0
55,124373,Salaried,562,1685039,Education,46266,37.2,84,50.5,1
57,181375,Self-Employed,465,68179,Car,45939,25.33,24,23.4,0
27,49700,Self-Employed,592,3484091,Car,14202,28.58,48,52.9,0
60,138728,Self-Employed,808,2250305,Home,37142,26.77,120,74.8,1
33,81788,Self-Employed,879,1573155,Car,63828,78.04,12,92.8,0
24,86045,Salaried,525,4843559,Business,59046,68.62,36,49.2,0
39,183914,Self-Employed,469,3174249,Car,9849,5.36,12,33.3,1
61,159972,Salaried,897,3729512,Personal,59272,37.05,24,100,1
42,142992,Salaried,747,1842803,Personal,20439,14.29,240,71.6,1
36,95059,Salaried,801,1793174,Personal,78872,82.97,60,83.2,1
54,16881,Salaried,826,3456009,Car,35344,100,48,75.9,0
56,179109,Salaried,678,3517758,Car,53276,29.75,48,60.4,1
47,147702,Self-Employed,500,3551939,Home,5051,3.42,180,36.3,1
29,35789,Salaried,549,357633,Education,49474,100,36,41.3,0
57,141083,Salaried,708,193492,Home,75604,53.59,48,67.8,1
51,103059,Self-Employed,424,2938899,Business,16967,16.46,24,15.4,0
44,61151,Salaried,412,275648,Personal,21773,35.61,84,11.4,0
35,194992,Salaried,436,2638279,Car,74383,38.15,240,14.7,0
35,124388,Salaried,795,4847622,Education,70417,56.61,48,80.5,1
23,18262,Self-Employed,449,802648,Education,41182,100,84,30.7,0
58,81981,Salaried,642,4103235,Car,63589,77.57,48,50.1,0
26,135951,Salaried,879,4980952,Home,73235,53.87,24,96.8,1
59,138099,Salaried,620,1594718,Education,24180,17.51,84,53.5,1
35,96972,Salaried,831,447348,Home,64372,66.38,120,95.9,1
60,90485,Salaried,588,548515,Car,51372,56.77,48,48.1,0
46,69722,Salaried,788,2108591,Home,69086,99.09,120,69.4,1
41,104499,Salaried,791,4050366,Personal,22163,21.21,180,98.8,1
23,196890,Self-Employed,551,76296,Car,63089,32.04,36,49.6,1
60,176004,Salaried,376,2747017,Car,32934,18.71,24,16.5,0
27,21901,Salaried,691,2877102,Education,55595,100,60,60.6,0
38,132473,Salaried,711,1700037,Education,26592,20.07,24,65.9,1
46,23597,Salaried,472,149074,Education,23039,97.64,60,17.3,0
49,144631,Self-Employed,500,573136,Personal,64099,44.32,84,30.7,0
23,78909,Salaried,516,2828550,Personal,34018,43.11,180,37.4,0
56,87391,Salaried,675,2708062,Business,53158,60.83,84,62.3,0
58,154335,Self-Employed,885,2067364,Car,4558,2.95,48,100,1
26,78293,Salaried,310,2989961,Education,32174,41.09,36,7,0
22,171877,Salaried,311,4327214,Car,42631,24.8,24,9.6,0
61,26874,Salaried,889,1279510,Home,67687,100,12,100,1
33,101402,Salaried,734,4757575,Personal,15552,15.34,24,73.6,1
57,29079,Salaried,672,4749346,Business,35065,100,24,65.6,0
44,195922,Salaried,572,1081810,Home,2614,1.33,60,29.5,1
52,87779,Salaried,875,204525,Car,34647,39.47,240,93.8,1
32,110408,Self-Employed,808,3659337,Personal,57940,52.48,12,73.5,0
31,155090,Salaried,431,2949896,Education,620,0.4,48,12.4,1
24,135606,Salaried,618,2935020,Home,23082,17.02,120,62.5,1
35,195572,Salaried,467,691075,Personal,21891,11.19,36,19.2,1
37,135062,Salaried,696,3810501,Car,62395,46.2,180,55.4,1
31,27100,Salaried,479,2089309,Car,50955,100,36,32.9,0
50,72021,Self-Employed,357,3193197,Home,32314,44.87,180,9,0
31,165872,Self-Employed,779,82646,Home,23500,14.17,24,83.4,1
33,143126,Self-Employed,890,1174702,Home,53685,37.51,60,100,1
51,107446,Self-Employed,759,3837938,Business,64783,60.29,48,81.1,1
22,44437,Salaried,360,1353793,Education,50189,100,240,0,0
26,192747,Salaried,668,434382,Personal,19567,10.15,36,68.8,1
41,166014,Salaried,420,642947,Car,25978,15.65,60,18.2,1
29,35862,Salaried,845,4883933,Car,76089,100,240,92.2,0
33,26669,Self-Employed,881,733098,Education,9630,36.11,84,83.6,1
22,136219,Salaried,316,4254183,Home,12003,8.81,24,6.7,1
41,199844,Self-Employed,795,4380919,Home,41444,20.74,12,72.1,1
49,30916,Salaried,796,686572,Car,31607,100,12,86.9,1
58,25878,Self-Employed,804,2326148,Education,24821,95.92,120,78.2,0
58,17985,Self-Employed,831,2493413,Car,14601,81.18,24,94.3,0
33,56235,Self-Employed,614,1004183,Home,45904,81.63,120,42,0
58,33931,Self-Employed,368,4454494,Personal,71657,100,12,0,0
49,107876,Salaried,460,4773391,Home,38557,35.74,48,22.3,0
36,15336,Self-Employed,444,533843,Personal,52523,100,48,26.1,0
27,57933,Self-Employed,868,799130,Business,50502,87.17,60,85.5,0
41,60536,Self-Employed,894,3058297,Education,22098,36.5,12,100,1
35,84504,Salaried,684,1028062,Business,45902,54.32,120,71,1
23,114214,Salaried,568,3489540,Home,39253,34.37,24,34.1,1
30,197220,Self-Employed,753,1233759,Education,75516,38.29,24,77.1,1
58,128936,Salaried,817,1516478,Home,44280,34.34,180,90.5,1
41,31279,Self-Employed,649,2350775,Education,8951,28.62,240,56.6,0
47,118751,Salaried,409,3212218,Education,8117,6.84,84,17.5,1
50,119433,Salaried,782,478410,Home,25979,21.75,12,69.1,1
22,86386,Salaried,706,4127729,Home,74525,86.27,12,71.2,1
56,101124,Salaried,350,824426,Education,16915,16.73,120,8.8,0
27,120750,Salaried,702,2593884,Education,59261,49.08,180,68.2,1
58,92485,Salaried,862,2788659,Home,72964,78.89,36,100,1
26,89055,Salaried,775,4812696,Home,70440,79.1,240,77.5,0
54,106911,Salaried,386,1136706,Car,35677,33.37,48,16.9,0
35,113618,Salaried,367,4707749,Car,49830,43.86,48,21.5,0
33,128892,Self-Employed,895,866386,Car,52536,40.76,36,98.8,1
41,86128,Self-Employed,341,4134884,Business,8922,10.36,180,1.1,0
45,164180,Self-Employed,356,2292402,Education,67561,41.15,240,12.5,0
55,67495,Self-Employed,495,232235,Personal,13220,19.59,12,27,0
46,97806,Self-Employed,361,3079407,Business,45958,46.99,24,19.8,0
50,108185,Salaried,562,4179193,Education,53380,49.34,12,47.8,0
60,198581,Self-Employed,411,637453,Personal,2766,1.39,48,11.6,1
52,185591,Self-Employed,477,4649000,Car,33159,17.87,120,19.5,1
44,64649,Salaried,325,3916527,Personal,10935,16.91,120,5.4,0
59,180596,Salaried,709,2907045,Home,3784,2.1,84,70.2,1
41,179957,Self-Employed,830,2738215,Home,20221,11.24,60,78.4,1
44,190441,Salaried,616,4644086,Education,29179,15.32,48,59,1
37,110402,Salaried,831,4591759,Business,18069,16.37,180,93.8,1
29,45676,Salaried,405,1594309,Car,35682,78.12,120,20.2,0
42,79093,Salaried,763,1676013,Education,56268,71.14,12,83.2,0
22,193836,Salaried,545,1511215,Car,77818,40.15,84,32.9,1
29,196871,Salaried,380,4218094,Home,20110,10.21,24,5.9,1
50,94414,Salaried,695,1713574,Business,31232,33.08,48,63.8,1
53,108095,Salaried,821,4336503,Business,44273,40.96,60,81.8,1
59,87307,Self-Employed,563,3360752,Home,70487,80.73,180,47.9,0
26,110432,Self-Employed,573,2698766,Personal,55210,49.99,84,51.9,0
43,46923,Salaried,471,3226867,Business,73191,100,24,22.9,0
55,132449,Self-Employed,564,767463,Personal,29461,22.24,60,37.1,0
22,62574,Salaried,325,4750254,Car,4610,7.37,60,11,0
47,189463,Salaried,768,1290505,Business,56973,30.07,84,70.1,1
31,136757,Salaried,775,1434358,Home,7583,5.54,12,76.9,1
51,68664,Salaried,655,3176829,Personal,25583,37.26,180,51.1,0
39,82384,Salaried,325,4579100,Car,17701,21.49,36,0,0
38,46027,Salaried,333,3453734,Car,6880,14.95,60,0,0
47,181536,Self-Employed,563,4753907,Business,51845,28.56,120,54.1,1
29,49485,Self-Employed,437,3527915,Business,72417,100,36,30.9,0
61,165528,Salaried,865,1768671,Education,3722,2.25,84,87.7,1
33,50554,Salaried,761,1442775,Education,20077,39.71,60,80.5,1
48,61922,Salaried,467,2607929,Business,13229,21.36,120,16.3,0
29,28409,Salaried,380,3626566,Education,73338,100,36,18.3,0
46,51639,Self-Employed,706,2447431,Home,61679,100,24,60.6,0
25,34692,Salaried,873,4379149,Home,11439,32.97,48,100,1
54,104037,Self-Employed,345,1123532,Education,35902,34.51,36,11.6,0
22,33074,Self-Employed,898,4234572,Business,2598,7.86,48,96.7,1
40,161621,Salaried,352,1900827,Home,4052,2.51,120,5.4,1
52,44963,Self-Employed,775,4507976,Car,12741,28.34,60,80.3,1
37,67265,Salaried,891,2537077,Business,69360,100,48,91.1,1
35,31061,Salaried,315,2233643,Personal,36288,100,84,11.5,0
26,174882,Salaried,659,251657,Personal,1249,0.71,120,62.3,1
47,128502,Salaried,786,1197728,Business,22970,17.88,60,88.7,1
49,37800,Salaried,801,846551,Education,15565,41.18,120,63.9,1
23,131192,Salaried,440,3533765,Home,56995,43.44,36,23.5,0
27,122228,Self-Employed,746,3211895,Home,51656,42.26,120,76.3,1
30,43054,Self-Employed,589,3306510,Business,62134,100,36,48.1,0
54,191469,Self-Employed,508,3185210,Car,45765,23.9,84,34.8,1
46,28233,Salaried,774,180775,Education,2014,7.13,180,76.4,1
34,171140,Self-Employed,712,3230617,Car,70480,41.18,84,86.7,1
30,80727,Salaried,726,2454974,Business,14012,17.36,36,72.9,1
34,105610,Self-Employed,670,276406,Business,57498,54.44,60,62.6,0
52,85453,Self-Employed,589,3780278,Car,68776,80.48,240,55.7,0
32,119135,Self-Employed,731,4380057,Personal,61711,51.8,180,67.4,1
25,171904,Salaried,567,2751731,Business,42530,24.74,84,34.2,1
55,123464,Self-Employed,450,2737448,Education,79267,64.2,240,32.3,0
59,28682,Salaried,554,3967563,Car,18018,62.82,24,39.7,0
25,169455,Self-Employed,652,4473793,Personal,17916,10.57,240,69.6,1
59,73160,Salaried,676,1505482,Car,40376,55.19,84,73.1,0
40,38666,Salaried,657,862344,Personal,65046,100,240,40.9,0
27,73817,Salaried,669,1795234,Personal,58742,79.58,48,62.1,0
55,106198,Self-Employed,526,1510461,Education,77125,72.62,60,46.3,0
39,180714,Salaried,602,4081660,Business,12437,6.88,24,36.3,1
34,56830,Salaried,688,1723820,Personal,62146,100,36,67.6,0
44,25234,Self-Employed,676,4438803,Business,27618,100,12,67.9,0
40,72616,Self-Employed,417,4625454,Education,50767,69.91,48,19.1,0
32,24221,Salaried,304,2420128,Business,9705,40.07,24,0.3,0
22,157482,Salaried,743,3070041,Home,57146,36.29,24,83.4,1
45,16051,Self-Employed,651,3684842,Personal,51750,100,12,46.5,0
28,125529,Self-Employed,832,3341508,Education,44379,35.35,24,95.3,1
46,91918,Salaried,423,4062267,Car,52682,57.31,48,24.2,0
42,93116,Salaried,576,2474724,Education,64713,69.5,84,56.4,0
36,137226,Salaried,693,3206730,Personal,56919,41.48,120,57.9,1
22,59757,Self-Employed,659,989944,Education,60384,100,120,71.6,0
33,136008,Salaried,768,4049661,Car,51128,37.59,120,66.9,1
28,197329,Salaried,356,2179708,Home,1835,0.93,48,6.7,1
36,146379,Salaried,550,2739403,Personal,21283,14.54,60,32.4,1
42,71889,Self-Employed,449,3155381,Personal,49506,68.86,36,30.6,0
40,50944,Salaried,751,271746,Education,53625,100,12,69.1,1
50,114555,Salaried,461,2153715,Business,35963,31.39,180,35.9,1
46,53134,Salaried,419,4455299,Business,9179,17.28,120,6.3,0
54,173395,Self-Employed,881,2686594,Car,11955,6.89,240,93.3,1
53,40954,Salaried,650,3744210,Home,7198,17.58,48,72.6,1
56,104959,Self-Employed,398,4946525,Home,67156,63.98,60,10.2,0
59,19992,Salaried,466,3349248,Education,44588,100,60,36.1,0
47,16961,Self-Employed,813,472618,Education,11766,69.37,120,91.1,0
32,27497,Salaried,700,2413648,Business,53570,100,240,56.2,0
56,178623,Salaried,664,312328,Home,69874,39.12,180,62.4,1
29,28255,Salaried,876,1375039,Home,48679,100,120,100,1
35,150639,Self-Employed,625,201521,Home,5301,3.52,12,50.9,1
31,63847,Salaried,880,4562781,Car,15144,23.72,84,91.1,1
23,194075,Self-Employed,546,1926213,Car,13784,7.1,240,43.6,1
30,35389,Self-Employed,733,4240198,Education,67959,100,120,70.4,0
24,190595,Salaried,392,2681866,Business,8272,4.34,12,3.4,1
42,138802,Self-Employed,567,2596946,Personal,1573,1.13,240,42.7,1
47,76576,Salaried,620,3909297,Business,24419,31.89,36,49.5,0
29,58919,Self-Employed,361,4361079,Car,48555,82.41,240,9.1,0
23,18358,Salaried,599,1073612,Car,5176,28.19,48,30.6,0
27,103535,Salaried,702,816913,Education,36161,34.93,240,69.9,1
49,120982,Self-Employed,866,1202417,Personal,63440,52.44,180,81.3,1
50,20698,Salaried,602,2068265,Home,58862,100,120,56.3,0
47,81809,Salaried,552,4735150,Personal,15164,18.54,48,50.6,1
46,108079,Salaried,777,2526040,Personal,77758,71.95,240,63.6,1
33,70805,Salaried,668,2358445,Personal,25379,35.84,48,71.7,0
26,177421,Self-Employed,459,4253028,Education,18368,10.35,12,25.6,0
55,196320,Salaried,465,1496876,Car,32771,16.69,84,36.1,1
58,90033,Self-Employed,504,1788746,Home,64950,72.14,48,41.4,0
36,113239,Salaried,566,4235880,Personal,40245,35.54,36,32.8,0
57,145407,Salaried,437,918729,Home,72792,50.06,60,16,0
36,59041,Self-Employed,667,961531,Personal,43327,73.38,36,74.1,0
44,46954,Salaried,742,3274600,Car,46454,98.94,240,63.7,0
27,23002,Self-Employed,866,2036952,Home,46741,100,84,97.2,0
42,84783,Self-Employed,316,3143606,Business,31977,37.72,36,0,0
44,122524,Salaried,367,4968507,Car,6714,5.48,60,3.9,0
37,139857,Salaried,432,1327752,Home,77237,55.23,180,21.9,0
36,34738,Salaried,729,1902175,Personal,14891,42.87,180,89,1
46,25703,Salaried,607,2234996,Personal,52299,100,84,57.3,0
57,128776,Self-Employed,473,2919579,Car,65167,50.6,60,20.4,0
32,195494,Salaried,711,1228393,Car,65124,33.31,60,70.1,1
36,158464,Salaried,396,1569123,Personal,58639,37,12,1.1,0
25,59724,Salaried,453,108326,Home,40912,68.5,24,7.5,0
42,47299,Salaried,541,3797686,Business,75452,100,48,41.5,0
34,30641,Salaried,603,573292,Education,68446,100,84,56.2,0
43,94534,Self-Employed,584,1271650,Car,61516,65.07,120,59.8,0
40,21305,Self-Employed,326,74022,Personal,44250,100,12,7.3,0
55,33782,Self-Employed,701,4328762,Home,36116,100,180,66.9,0
35,93257,Self-Employed,659,198317,Car,22151,23.75,12,57.1,1
25,92963,Salaried,359,3803812,Home,71366,76.77,240,14.1,0
48,136987,Self-Employed,501,4647547,Car,44297,32.34,48,23.8,0
50,166638,Salaried,880,446742,Personal,40888,24.54,120,91.2,1
49,139591,Salaried,669,4991461,Home,56195,40.26,84,52,1
56,82766,Salaried,832,1405081,Personal,71016,85.8,240,84.5,1
29,21511,Salaried,451,4180390,Home,74979,100,24,19.4,0
37,129816,Self-Employed,401,3225261,Car,54334,41.85,120,10.5,0
57,172249,Salaried,745,1238347,Education,68345,39.68,60,69,1
51,19765,Self-Employed,528,2882003,Education,39761,100,120,39.7,0
39,166426,Salaried,424,2798881,Business,26930,16.18,12,30.8,0
23,38929,Salaried,535,1085670,Business,59117,100,240,41.5,0
34,174892,Self-Employed,461,150960,Personal,23095,13.21,12,22.2,1
25,126576,Salaried,853,3481267,Home,77482,61.21,60,95.7,1
47,175595,Salaried,652,1202738,Business,3991,2.27,180,59.5,1
46,86088,Salaried,367,1229280,Car,23519,27.32,12,12.5,0
51,92525,Salaried,472,527965,Education,26657,28.81,120,28.5,0
32,28780,Self-Employed,858,2223089,Home,826,2.87,24,100,1
28,21589,Salaried,560,2801087,Education,42625,100,120,44.1,0
52,180884,Self-Employed,516,4889242,Home,17801,9.84,120,31.5,1
31,108664,Self-Employed,423,4637192,Business,29846,27.47,240,14.3,0
60,192011,Self-Employed,461,4986396,Business,39566,20.61,84,34,0
34,197565,Self-Employed,500,1810352,Personal,23157,11.72,48,23.8,1
52,119188,Salaried,753,456497,Home,28363,23.8,120,86.4,1
28,108326,Self-Employed,701,4503492,Car,50559,46.67,120,51.5,0
57,55953,Salaried,761,3441068,Business,5136,9.18,48,86.6,1
41,80785,Salaried,574,2179700,Personal,57937,71.72,24,52,0
25,34309,Self-Employed,505,3738387,Business,17421,50.78,240,30.7,0
28,69195,Salaried,339,1061403,Education,78027,100,180,0.5,0
22,40901,Salaried,572,4469035,Business,7546,18.45,60,55.2,0
34,169648,Salaried,392,4659809,Home,71439,42.11,60,29.7,0
43,177580,Salaried,341,1496846,Personal,46623,26.25,12,1.9,0
42,40464,Salaried,764,150020,Home,16406,40.54,240,82,1
43,31260,Salaried,678,4876100,Car,9825,31.43,180,70.8,0
49,139997,Salaried,406,4311150,Car,71823,51.3,60,22.5,0
30,50440,Salaried,627,492985,Business,34173,67.75,84,54.9,0
47,110082,Salaried,364,3487184,Personal,55619,50.53,180,7.5,0
30,120583,Salaried,664,1588309,Personal,7923,6.57,84,62.9,1
36,71683,Self-Employed,783,4620634,Personal,34374,47.95,48,63.8,0
31,139206,Salaried,323,2556214,Personal,61713,44.33,36,14.6,0
45,187502,Self-Employed,839,4795150,Business,41411,22.09,120,76.2,1
29,148059,Self-Employed,361,617476,Home,64368,43.47,24,3.5,0
45,171177,Self-Employed,790,2704676,Business,8316,4.86,120,79,1
37,93484,Self-Employed,572,619364,Home,10556,11.29,12,37.3,1
47,159098,Self-Employed,528,2457698,Education,10058,6.32,60,29,1
48,83309,Salaried,319,4407452,Education,25482,30.59,240,14.4,0
58,60927,Self-Employed,302,1703201,Home,44494,73.03,12,14.7,0
25,57946,Self-Employed,720,165827,Business,25005,43.15,180,82.4,0
45,141503,Salaried,606,340714,Car,32481,22.95,240,57.7,1
40,156449,Salaried,731,4332299,Business,28401,18.15,240,91.5,1
57,68592,Self-Employed,435,2187810,Car,40431,58.94,180,20.4,0
60,153419,Self-Employed,814,3578512,Business,64459,42.02,48,82.8,1
31,48776,Salaried,492,2467490,Personal,78682,100,120,32.1,0
46,149855,Salaried,884,1297155,Personal,76789,51.24,12,100,1
39,70798,Self-Employed,714,2593440,Education,48504,68.51,120,73.7,0
40,150370,Salaried,417,750948,Education,3223,2.14,84,33.3,1
57,85204,Salaried,508,118582,Home,70977,83.3,60,35.2,0
31,101207,Self-Employed,333,487734,Car,40149,39.67,12,0,0
54,115356,Salaried,617,4388079,Personal,12863,11.15,180,47.4,1
26,75652,Salaried,419,1672320,Business,29564,39.08,12,28,0
56,180556,Self-Employed,824,629779,Home,22499,12.46,12,83.4,1
55,144572,Self-Employed,880,2512508,Business,32132,22.23,36,97.4,1
54,35922,Salaried,388,1862867,Personal,4533,12.62,180,16.6,0
42,180100,Salaried,811,2477636,Personal,34409,19.11,180,99.6,1
38,166388,Salaried,346,3336976,Personal,22987,13.82,120,14.7,1
43,91996,Self-Employed,821,4641456,Personal,10633,11.56,60,92.3,1
58,163040,Salaried,583,3751190,Business,56207,34.47,180,48.4,1
36,45266,Salaried,676,1443352,Home,50535,100,24,56,0
56,170072,Salaried,433,400912,Personal,3996,2.35,180,24.1,1
49,160083,Self-Employed,547,2010783,Education,14,0.01,24,58.6,1
28,17866,Salaried,617,2697349,Home,1674,9.37,60,56.9,1
53,127669,Salaried,735,2810878,Education,37867,29.66,48,68.1,1
32,20898,Salaried,475,3905425,Business,57251,100,12,25.8,0
31,33395,Self-Employed,885,3981500,Personal,55709,100,60,100,0
30,185091,Salaried,650,818278,Home,17864,9.65,120,54.1,1
35,19006,Salaried,442,2078277,Personal,26321,100,12,22.1,0
34,180465,Salaried,697,777402,Personal,24082,13.34,24,57,1
46,25956,Self-Employed,668,3639868,Home,40131,100,240,59.1,0
23,196114,Salaried,800,2819970,Personal,71493,36.45,60,87.1,1
56,152150,Salaried,669,3283095,Personal,4210,2.77,120,59.1,1
28,175703,Salaried,878,377526,Car,64586,36.76,24,96.5,1
42,110676,Self-Employed,681,1095144,Car,34851,31.49,120,54.3,1
39,136724,Salaried,385,323314,Home,26865,19.65,120,9.7,0
24,77901,Self-Employed,759,4888544,Home,4158,5.34,120,93.6,1
60,122227,Self-Employed,624,1990634,Personal,57852,47.33,60,52.9,0
32,132192,Salaried,821,2061022,Education,49339,37.32,240,89.7,1
60,187646,Self-Employed,788,3415371,Home,20572,10.96,24,74.9,1
45,46417,Salaried,696,2949792,Personal,4100,8.83,48,66.4,1
40,103020,Salaried,654,2837690,Education,44469,43.17,24,56.8,1
25,98639,Salaried,587,2357396,Car,60861,61.7,180,56.6,0
47,109881,Salaried,758,4259294,Home,18456,16.8,12,84.8,1
59,185526,Self-Employed,835,3712369,Personal,55803,30.08,240,98.4,1
53,147659,Salaried,590,2276479,Car,65633,44.45,60,49,1
60,136688,Self-Employed,467,3012898,Business,75019,54.88,36,44.2,0
57,130584,Salaried,727,2062039,Car,36232,27.75,48,77.6,1
61,101567,Salaried,789,2058580,Personal,67323,66.28,12,70.1,1
58,90886,Self-Employed,654,2801663,Education,21788,23.97,36,71.3,0
54,164888,Salaried,495,2350313,Business,16092,9.76,180,32.5,1
57,44432,Self-Employed,844,1450171,Business,1132,2.55,24,99.8,1
24,194689,Salaried,310,2264934,Business,77850,39.99,24,0,0
30,87373,Salaried,881,2481500,Home,13068,14.96,240,96.3,1
29,180289,Self-Employed,555,4642520,Personal,47401,26.29,60,48.5,1
54,35884,Salaried,695,2990656,Business,48526,100,60,67.8,0
27,20454,Salaried,708,102499,Car,58958,100,12,66.8,0
60,89960,Self-Employed,661,2295560,Education,76593,85.14,84,40.5,0
25,117421,Self-Employed,558,4067380,Personal,55041,46.87,180,37.1,0
34,58618,Self-Employed,302,4193904,Car,63372,100,84,0,0
23,62111,Self-Employed,383,4615907,Home,67562,100,120,0,0
26,185685,Self-Employed,455,3535627,Business,64046,34.49,48,20.2,0
48,135592,Salaried,475,775311,Car,68086,50.21,24,44,0
53,74993,Salaried,771,4110011,Personal,7089,9.45,12,87.8,1
42,143652,Self-Employed,723,2512448,Car,16623,11.57,84,63.8,1
29,154920,Salaried,433,1251507,Home,49641,32.04,240,17.5,1
59,93672,Salaried,679,1540194,Education,12043,12.86,60,58.5,1
29,81125,Salaried,576,1629872,Business,66572,82.06,24,52,0
24,132509,Salaried,535,4070011,Personal,64136,48.4,12,42.4,1
24,76602,Self-Employed,312,1901246,Business,57061,74.49,36,0,0
43,57222,Self-Employed,641,1049529,Business,6122,10.7,48,52.1,1
27,64223,Salaried,334,4820684,Business,47346,73.72,120,14.3,0
23,80333,Salaried,858,2391059,Car,16150,20.1,240,100,1
44,198804,Self-Employed,513,3894240,Car,77228,38.85,180,28.3,1
23,137650,Salaried,711,1538221,Education,12054,8.76,240,67.6,1
59,64420,Self-Employed,704,2093303,Home,1767,2.74,120,68.4,1
38,90504,Salaried,793,1842470,Personal,4708,5.2,180,80.7,1
56,17462,Salaried,458,4273191,Car,57999,100,180,35.4,0
55,24460,Salaried,409,2937939,Business,52158,100,12,16.9,0
44,114319,Self-Employed,848,301420,Home,29292,25.62,240,100,1
51,155347,Self-Employed,825,1028778,Personal,28082,18.08,24,97.1,1
29,159341,Self-Employed,646,4191340,Personal,34024,21.35,120,52.2,1
43,144593,Salaried,578,2683719,Personal,23461,16.23,60,46.9,1
57,137672,Self-Employed,778,3894579,Personal,5351,3.89,48,71.9,1
26,87920,Self-Employed,410,4889330,Education,47031,53.49,12,15.2,0
34,37553,Salaried,730,713621,Personal,39718,100,12,78.6,1
50,170438,Salaried,841,2806986,Home,12777,7.5,36,92.1,1
52,59036,Salaried,414,2567293,Car,8308,14.07,12,35.9,0
37,163441,Salaried,389,2491470,Home,43441,26.58,180,5.1,1
51,157867,Salaried,511,2075131,Business,13882,8.79,36,34.9,1
37,85021,Salaried,849,1341527,Education,4714,5.54,24,87.5,1
33,122205,Salaried,894,254470,Education,43432,35.54,84,96.5,1
38,176215,Salaried,838,4653640,Business,17658,10.02,48,90,1
37,175497,Salaried,659,3873828,Home,69245,39.46,48,54.4,1
33,103209,Self-Employed,785,3328835,Home,77027,74.63,24,88.5,1
29,90139,Salaried,671,674559,Business,50808,56.37,24,75.8,1
41,20368,Salaried,514,4170675,Personal,39530,100,84,17,0
24,150693,Salaried,314,2738828,Personal,8834,5.86,60,13.5,1
37,73829,Self-Employed,558,1150911,Car,14358,19.45,240,63.1,0
51,144036,Salaried,762,2190467,Home,9872,6.85,48,78.5,1
44,29719,Self-Employed,419,2080245,Home,58694,100,60,14.9,0
49,44227,Salaried,427,3038506,Business,50321,100,12,16.6,0
61,124430,Self-Employed,822,3504499,Business,73709,59.24,24,84.5,1
26,153638,Salaried,624,3698598,Personal,16685,10.86,36,57.4,1
41,27306,Self-Employed,619,4293638,Home,11333,41.5,60,49.7,0
61,68822,Salaried,805,256823,Home,11356,16.5,60,83.5,1
22,39042,Salaried,825,1803542,Education,40584,100,48,79.9,1
51,161158,Salaried,349,2964278,Car,51362,31.87,36,4.5,0
42,163459,Salaried,883,2309477,Car,11344,6.94,240,93.9,1
41,173114,Self-Employed,368,4923894,Personal,44619,25.77,12,11,0
27,104424,Self-Employed,690,4045705,Home,1943,1.86,84,53.4,1
43,197690,Salaried,682,1891041,Education,60217,30.46,120,61,1
39,164395,Salaried,315,3782477,Home,21021,12.79,48,0.8,1
29,33019,Self-Employed,738,839097,Business,8348,25.28,36,74.5,1
60,90426,Salaried,867,4533473,Personal,77286,85.47,180,100,1
53,55863,Self-Employed,431,2005481,Car,70921,100,240,21,0
54,126023,Self-Employed,859,3478870,Home,16639,13.2,12,83.4,1
37,156355,Self-Employed,547,4567696,Personal,64566,41.29,240,42.2,0
33,164351,Salaried,572,3410408,Car,42011,25.56,120,39.7,1
59,61999,Salaried,648,251703,Home,18640,30.07,12,52.1,1
55,77780,Salaried,783,2506327,Education,35402,45.52,120,78.1,1
35,37908,Self-Employed,849,3046297,Personal,65088,100,60,87.3,0
57,141278,Salaried,656,4760032,Home,60240,42.64,120,50.8,1
54,128002,Salaried,617,117173,Car,1891,1.48,240,49,1
44,196297,Salaried,347,2882718,Car,28259,14.4,180,11.5,1
23,184024,Salaried,309,3234462,Education,63021,34.25,84,1.8,0
42,115706,Self-Employed,532,284046,Personal,28987,25.05,24,30.7,0
23,183735,Salaried,335,2342007,Personal,52616,28.64,180,0,0
48,137019,Salaried,712,4600642,Home,10683,7.8,48,69.7,1
30,124708,Salaried,761,2873251,Car,61083,48.98,180,68.9,1
22,194001,Self-Employed,303,4952021,Car,9967,5.14,120,0,1
32,24343,Salaried,343,3833288,Education,77664,100,48,2.6,0
24,91173,Self-Employed,867,3787918,Education,40194,44.09,180,86.7,1
44,115260,Self-Employed,853,3607854,Personal,62661,54.36,24,93,1
47,185863,Salaried,554,2768063,Car,72307,38.9,240,39.9,1
25,175206,Salaried,413,2802878,Home,43452,24.8,84,30.1,1
39,193173,Self-Employed,696,4369020,Business,12857,6.66,120,56.7,1
27,84443,Salaried,473,59907,Home,31301,37.07,12,38,0
56,72530,Salaried,554,4218142,Education,55900,77.07,36,44.2,0
43,192871,Salaried,765,3752796,Home,31460,16.31,60,89.4,1
36,150899,Salaried,576,4695399,Car,49800,33,120,56.8,1
43,111143,Self-Employed,763,3149815,Personal,9832,8.85,12,73.8,1
58,159771,Self-Employed,801,1410247,Business,47408,29.67,240,72.2,1
33,129527,Self-Employed,740,2009612,Personal,12626,9.75,60,72.2,1
59,151385,Salaried,368,1869073,Business,57872,38.23,36,0,0
39,159670,Salaried,808,2238157,Business,78959,49.45,120,89.9,1
56,126362,Salaried,625,4194671,Car,16802,13.3,180,55.4,1
51,43807,Salaried,366,4181980,Car,16333,37.28,36,6.2,0
45,191298,Self-Employed,603,2729968,Education,35120,18.36,120,46.9,1
51,74550,Salaried,783,1071983,Education,22159,29.72,120,72.3,1
35,18558,Self-Employed,847,1743495,Business,24660,100,48,90.9,0
27,65113,Salaried,716,1876650,Education,56843,87.3,240,61.4,1
24,67999,Salaried,458,2032167,Car,34519,50.76,12,26,0
37,182415,Salaried,448,231532,Education,44935,24.63,12,27.5,1
28,73219,Salaried,326,1418980,Business,22507,30.74,60,9.5,0
35,181258,Salaried,883,3341677,Personal,71060,39.2,36,100,1
30,183038,Self-Employed,547,2565091,Home,57223,31.26,240,38.8,1
36,179841,Self-Employed,400,4627849,Education,27675,15.39,60,20.2,0
42,68218,Self-Employed,395,271099,Car,17673,25.91,120,16.9,0
56,34229,Self-Employed,683,3618918,Personal,35470,100,12,64.8,0
23,90209,Salaried,581,1197322,Car,41603,46.12,24,38.6,0
48,42877,Salaried,621,1724112,Education,31230,72.84,48,43.5,0
23,112137,Salaried,695,3884254,Business,14542,12.97,240,67.9,1
56,53084,Self-Employed,577,688288,Home,61407,100,60,50.1,0
39,96780,Salaried,828,3617312,Home,53821,55.61,60,83,1
35,162878,Self-Employed,562,2739971,Personal,35690,21.91,240,53.1,1
41,52034,Salaried,879,1661961,Home,6654,12.79,180,100,1
39,186389,Self-Employed,592,3361784,Business,67557,36.25,24,62.7,1
31,70468,Self-Employed,593,1011795,Car,27446,38.95,120,46.7,0
46,165166,Salaried,694,2632467,Business,48484,29.35,12,62.2,1
23,25589,Salaried,812,727510,Personal,44078,100,240,91.6,0
46,72221,Salaried,479,281944,Personal,4225,5.85,36,35.3,0
54,16657,Salaried,534,4350675,Home,74745,100,24,30.1,0
57,113300,Salaried,636,2445968,Business,45487,40.15,48,54.1,1
52,132229,Self-Employed,307,457002,Car,68676,51.94,48,6.5,0
35,54531,Salaried,742,3682980,Business,11721,21.49,36,66.5,1
22,67227,Salaried,838,1894823,Car,2587,3.85,24,83.7,1
37,18164,Self-Employed,390,4135198,Car,39437,100,60,10.3,0
24,108078,Salaried,571,3078450,Business,18989,17.57,48,42,1
56,56247,Salaried,304,3882511,Education,32726,58.18,60,0,0
27,165673,Salaried,893,3387864,Business,70540,42.58,180,100,1
46,65599,Self-Employed,518,4462176,Car,79837,100,24,30.5,0
34,150624,Salaried,417,2494436,Personal,41168,27.33,240,21.1,1
55,155489,Self-Employed,892,3878923,Personal,64669,41.59,12,99.4,1
29,83207,Salaried,881,2720722,Home,73040,87.78,180,88.7,1
42,87055,Salaried,414,702739,Personal,71616,82.27,60,4.9,0
55,117266,Salaried,562,758074,Education,7408,6.32,24,44.4,1
25,93270,Salaried,605,1820971,Car,4153,4.45,180,47.3,1
46,126426,Salaried,721,2302313,Business,11055,8.74,60,73.8,1
36,149794,Salaried,506,2089242,Business,19760,13.19,36,40.8,1
25,85442,Salaried,602,2596199,Education,17752,20.78,120,34,1
33,110632,Salaried,411,4145978,Personal,3800,3.43,48,16.7,0
53,186103,Salaried,716,1180249,Car,66573,35.77,84,77.7,1
53,36438,Self-Employed,854,1135052,Personal,30054,82.48,180,100,1
49,73819,Salaried,584,2451574,Home,61816,83.74,12,32.7,0
34,58856,Salaried,484,1276642,Personal,26866,45.65,24,39.9,0
52,179648,Self-Employed,520,2078978,Home,992,0.55,180,28.6,1
35,56938,Salaried,743,2907547,Business,23696,41.62,120,79.5,1
41,195100,Self-Employed,416,176259,Car,60282,30.9,240,14.9,1
39,74807,Salaried,369,4140798,Home,73541,98.31,24,17.5,0
50,64877,Salaried,369,888628,Personal,52838,81.44,180,8.6,0
27,58461,Self-Employed,726,1459399,Personal,29400,50.29,84,59.5,0
53,108474,Salaried,867,3064445,Business,17565,16.19,12,89.8,1
50,186541,Self-Employed,742,3382299,Education,39585,21.22,48,78,1
23,98136,Salaried,436,4788012,Education,34833,35.49,24,19.3,0
44,35435,Salaried,803,174283,Personal,12094,34.13,120,75.2,1
40,160263,Self-Employed,430,4687412,Education,31280,19.52,240,11.5,0
52,99726,Salaried,517,2377613,Car,46647,46.78,84,29.7,0
26,173458,Self-Employed,470,3784073,Education,44378,25.58,48,21.8,0
40,177793,Salaried,774,3927995,Car,19513,10.98,60,83.6,1
55,69786,Salaried,428,4386602,Personal,154,0.22,12,18.2,0
31,28704,Salaried,356,4891700,Personal,28134,98.01,48,6.9,0
46,71635,Self-Employed,480,2943630,Personal,8678,12.11,36,28.6,0
23,148195,Salaried,545,2393179,Business,6294,4.25,240,45.2,1
32,105710,Salaried,443,3051046,Education,9574,9.06,84,28.9,1
52,77993,Self-Employed,350,1994353,Home,35183,45.11,48,4.1,0
36,127752,Self-Employed,667,87117,Home,48747,38.16,36,59.1,1
30,171488,Salaried,758,3325708,Personal,66606,38.84,48,81.5,1
44,147886,Salaried,517,3069621,Education,18638,12.6,180,30.6,1
40,93537,Salaried,866,2075558,Car,57194,61.15,60,90,1
30,65258,Salaried,556,3405672,Home,47553,72.87,12,47.8,0
56,162580,Salaried,455,4432653,Personal,26082,16.04,60,21.2,1
42,100166,Self-Employed,864,3936467,Home,16306,16.28,180,96,1
30,128710,Salaried,741,3648557,Home,7807,6.07,48,60.9,1
49,50699,Self-Employed,324,4785965,Home,51342,100,24,8.7,0
28,61335,Self-Employed,835,4289756,Personal,32143,52.41,36,87.6,0
37,61806,Salaried,359,998784,Personal,58414,94.51,240,13.1,0
37,92853,Salaried,766,4463319,Business,24715,26.62,120,86.6,1
54,50739,Salaried,733,1911591,Business,62054,100,36,69.5,0
25,49785,Salaried,365,1871969,Business,72934,100,60,0,0
25,178052,Self-Employed,864,1717106,Home,12202,6.85,36,91.1,1
60,100016,Salaried,405,4822560,Education,27987,27.98,48,27.2,0
61,147681,Salaried,395,4903407,Personal,35740,24.2,180,17.2,0
38,81253,Salaried,850,2310375,Business,76848,94.58,36,83.2,1
58,106128,Salaried,467,2278742,Education,53871,50.76,36,26.3,0
60,174213,Salaried,341,2425948,Business,13627,7.82,180,10.7,0
50,176081,Salaried,403,1735978,Business,51069,29,120,16.2,1
57,142581,Salaried,503,295615,Education,40409,28.34,120,32.6,1
59,125966,Salaried,819,825492,Business,61486,48.81,24,80.8,1
60,152854,Self-Employed,581,1463209,Home,1611,1.05,120,41.8,1
58,114352,Self-Employed,342,284537,Home,31657,27.68,36,8.8,0
56,172005,Salaried,409,4321061,Home,18462,10.73,120,22.1,1
28,92154,Salaried,509,1647259,Car,76309,82.81,48,33.4,0
48,154379,Salaried,348,183407,Business,38547,24.97,180,4,1
49,123297,Salaried,414,1724842,Car,29063,23.57,180,25.1,0
43,53346,Salaried,454,705860,Personal,79397,100,84,22.3,0
35,127138,Salaried,802,3419011,Education,52788,41.52,36,86,1
28,65772,Salaried,370,3990243,Personal,42523,64.65,84,15.9,0
58,55149,Salaried,818,418742,Car,30284,54.91,84,76.2,1
43,101700,Salaried,635,448759,Home,63996,62.93,36,57,0
26,173598,Salaried,366,3182090,Business,66247,38.16,48,0,0
23,111758,Self-Employed,792,4182044,Business,13706,12.26,24,81.2,1
48,143447,Salaried,512,4951901,Home,10924,7.62,12,40,1
42,20695,Salaried,480,1456891,Business,15921,76.93,24,32.7,0
59,54169,Salaried,898,4989380,Education,25432,46.95,120,100,1
36,62947,Self-Employed,547,580901,Education,17813,28.3,60,44,0
42,193296,Self-Employed,513,1296511,Education,65250,33.76,240,31.2,0
31,60865,Self-Employed,658,3105196,Personal,68956,100,36,47.4,0
44,171625,Salaried,548,912634,Home,2068,1.2,24,42.2,1
60,119501,Salaried,815,2042335,Education,39927,33.41,48,89.7,1
26,75410,Self-Employed,387,1620925,Car,70342,93.28,24,0.4,0
22,118754,Salaried,475,4329970,Education,30539,25.72,120,32.4,0
34,105895,Salaried,725,2693508,Personal,11683,11.03,84,71.5,1
42,170888,Self-Employed,380,885489,Car,35674,20.88,180,10.4,0
47,65705,Salaried,437,2823059,Home,52703,80.21,60,26.4,0
42,130700,Salaried,732,4853829,Home,58810,45,24,69.8,1
39,88914,Salaried,769,3181780,Education,11117,12.5,48,75.5,1
58,16881,Salaried,649,317913,Car,3665,21.71,12,48,1
53,185639,Salaried,425,3875971,Car,44390,23.91,24,24.1,1
57,62365,Self-Employed,608,3299950,Education,74884,100,48,40.9,0
38,94211,Self-Employed,529,2381083,Education,63887,67.81,84,32.7,0
56,171078,Salaried,759,4410538,Business,48266,28.21,48,80.1,1
32,56198,Self-Employed,644,2180586,Business,55541,98.83,48,56,0
42,168903,Salaried,609,3928979,Education,64802,38.37,24,65.2,1
47,115649,Salaried,319,493604,Personal,7882,6.82,240,7.9,0
25,162531,Self-Employed,860,3508398,Business,70825,43.58,180,99.3,1
55,178515,Self-Employed,840,1253307,Education,13910,7.79,180,96.8,1
39,188388,Salaried,859,1863743,Car,40566,21.53,60,91.2,1
61,151949,Self-Employed,776,1997188,Business,63073,41.51,36,75.1,1
56,54553,Self-Employed,568,73088,Personal,36176,66.31,84,35,0
50,150994,Self-Employed,302,1990929,Home,30289,20.06,240,0,0
50,137778,Salaried,315,896430,Car,50411,36.59,180,11.7,0
59,132018,Self-Employed,657,1925390,Personal,69626,52.74,120,54.5,0
42,150758,Self-Employed,432,4110097,Personal,15362,10.19,180,29.2,1
34,47766,Self-Employed,611,1238037,Personal,13783,28.86,48,40.1,0
38,47006,Salaried,781,4261656,Car,44162,93.95,84,78.7,1
30,46422,Salaried,843,4371092,Personal,35749,77.01,60,100,1
22,131590,Salaried,604,4658668,Home,3554,2.7,24,52.8,1
23,27205,Salaried,568,3751844,Business,58568,100,180,47,0
50,169599,Self-Employed,713,4217542,Car,18773,11.07,36,64.1,1
54,164515,Salaried,324,3947619,Personal,73694,44.79,60,0,0
31,162596,Salaried,615,2597482,Education,66550,40.93,180,52.1,1
61,131477,Self-Employed,870,4884549,Business,46295,35.21,240,86,1
42,43202,Salaried,575,4786340,Car,30331,70.21,240,45,0
49,192214,Salaried,688,4359462,Education,45640,23.74,60,72.5,1
32,76692,Salaried,743,1318165,Education,64877,84.59,24,63.7,1
55,35855,Salaried,726,3883574,Personal,46969,100,120,76.1,0
29,40095,Salaried,356,3619284,Car,42986,100,120,17.3,0
43,184796,Self-Employed,865,4466447,Personal,7585,4.1,180,92.1,1
29,64241,Salaried,667,2933553,Home,4122,6.42,180,61.4,1
36,118119,Salaried,641,2948444,Education,16838,14.26,60,53,1
38,67003,Salaried,603,4644927,Home,17301,25.82,12,48,0
44,109837,Salaried,673,3220663,Personal,23107,21.04,48,68.7,1
45,109283,Salaried,411,2647381,Business,57357,52.48,48,24.3,0
40,162044,Salaried,305,2720519,Education,55211,34.07,36,4,0
26,138805,Salaried,578,84111,Business,66025,47.57,180,51.2,1
53,108846,Self-Employed,681,2990134,Car,66520,61.11,36,65.1,0
22,37927,Salaried,312,2353921,Education,17344,45.73,60,0,0
44,135589,Salaried,602,4726637,Home,57202,42.19,24,58.8,0
58,130657,Self-Employed,855,1589605,Business,14959,11.45,84,85.4,1
29,81630,Salaried,459,2365160,Car,38751,47.47,84,25.7,0
34,119428,Salaried,453,90565,Education,1869,1.56,180,32.3,1
29,137035,Salaried,480,1329938,Car,44264,32.3,180,18.8,0
44,198419,Salaried,825,661204,Home,30268,15.25,12,92.5,1
22,141244,Salaried,479,1088734,Education,39606,28.04,60,20.3,1
45,84518,Salaried,676,4282537,Car,13550,16.03,24,67.4,1
56,191355,Salaried,467,4529143,Personal,5702,2.98,60,37.5,1
45,96326,Salaried,513,1057992,Education,78563,81.56,240,29.6,0
38,158277,Salaried,449,1749304,Education,61745,39.01,48,17.9,1
26,135243,Salaried,315,4418110,Education,24459,18.09,180,3.1,0
41,27748,Self-Employed,390,393401,Education,56782,100,12,7.8,0
42,167169,Self-Employed,419,2935089,Personal,6032,3.61,180,2.4,1
61,149164,Self-Employed,552,2021443,Home,1825,1.22,84,41.8,1
52,68311,Salaried,359,2452910,Personal,77090,100,180,12.5,0
57,37692,Salaried,565,3196738,Personal,48101,100,84,41.5,0
32,139954,Salaried,708,294300,Car,60109,42.95,36,68.9,1
36,169934,Salaried,330,3700730,Business,12470,7.34,180,13.4,0
40,145035,Salaried,320,4395237,Business,3770,2.6,60,0.5,0
28,94507,Self-Employed,892,3613069,Car,27268,28.85,60,96.9,1
49,95152,Salaried,588,714729,Personal,29,0.03,120,47.8,1
26,19926,Salaried,842,4926335,Car,30083,100,84,87.8,1
26,18969,Self-Employed,797,1174232,Education,8958,47.22,240,80.3,0
51,50733,Salaried,773,1839695,Car,8806,17.36,120,92.5,1
53,84855,Salaried,704,2506982,Car,32162,37.9,36,68.3,1
29,56743,Salaried,847,3370938,Education,74732,100,60,88.8,1
31,145193,Salaried,431,3132745,Business,34889,24.03,240,32.9,0
59,185948,Salaried,623,2206941,Education,27702,14.9,24,62.5,1
53,122445,Salaried,431,3789941,Home,35777,29.22,12,26.8,0
49,35323,Salaried,820,1579278,Car,52971,100,180,81.8,1
38,31428,Self-Employed,329,3272353,Car,7739,24.62,180,26.7,0
52,49578,Self-Employed,600,219162,Business,24599,49.62,24,37.5,0
29,101486,Self-Employed,303,1651669,Personal,36827,36.29,180,0,0
61,79140,Self-Employed,624,4640075,Education,76821,97.07,60,57.1,0
46,122325,Salaried,808,3770257,Personal,68446,55.95,24,81.8,1
30,98829,Salaried,536,3142959,Home,23039,23.31,120,19.5,1
23,21364,Salaried,834,2737434,Education,44929,100,120,87.9,0
36,143867,Salaried,315,2523301,Home,43884,30.5,36,3.1,0
24,181421,Self-Employed,833,2949650,Home,25146,13.86,12,87.5,1
57,146763,Self-Employed,883,2807233,Home,45819,31.22,48,99.6,1
25,110598,Salaried,745,1962990,Education,31308,28.31,24,70.4,1
35,191968,Salaried,802,2939888,Education,13054,6.8,48,82.6,1
46,72062,Salaried,529,3438669,Business,79606,100,180,48.6,0
31,159933,Self-Employed,406,3762983,Car,52018,32.52,24,25.3,0
42,103302,Salaried,688,4999888,Personal,26250,25.41,12,63,1
57,78928,Self-Employed,562,4585211,Personal,14413,18.26,36,48.1,0
33,56347,Self-Employed,862,4022622,Home,77391,100,120,100,1
48,18121,Self-Employed,364,2520319,Education,38921,100,84,3.2,0
61,98793,Self-Employed,564,4886363,Education,71123,71.99,84,46.6,0
23,43164,Self-Employed,637,2149741,Home,74363,100,120,57.4,0
34,40491,Salaried,600,2534319,Car,25785,63.68,180,55.3,0
53,74222,Salaried,677,2029681,Personal,56865,76.61,36,55.3,0
52,169237,Salaried,474,57711,Business,6861,4.05,36,28.7,1
37,18748,Salaried,451,1316548,Car,76340,100,180,19.1,0
53,41553,Self-Employed,775,4565878,Education,13979,33.64,120,81.8,0
53,131547,Salaried,565,2865839,Home,66833,50.81,60,37.6,1
55,75380,Self-Employed,628,800506,Personal,357,0.47,48,50.3,1
32,59331,Salaried,462,3036189,Home,47201,79.56,84,28,0
31,135617,Salaried,737,4503293,Education,54254,40.01,240,65.3,1
36,54560,Self-Employed,642,923002,Home,10796,19.79,84,44.1,0
38,68865,Salaried,666,3569983,Personal,23238,33.74,180,69.3,0
61,192758,Salaried,764,4548178,Home,50978,26.45,12,72.2,1
39,90910,Salaried,498,3332750,Personal,40883,44.97,84,21.8,0
30,150747,Self-Employed,799,1855166,Home,69396,46.03,24,74.3,1
46,92986,Salaried,315,1303159,Home,4447,4.78,36,1.7,0
61,25068,Salaried,595,3089933,Personal,20523,81.87,84,61.8,0
35,69460,Salaried,810,4926425,Home,64079,92.25,24,83.9,1
46,115766,Self-Employed,538,245507,Car,64823,55.99,48,44.3,0
43,61418,Self-Employed,880,515718,Business,49289,80.25,84,93.6,1
51,41206,Salaried,600,1225370,Car,4849,11.77,60,51.5,0
41,143180,Salaried,305,384267,Business,24718,17.26,84,0,0
42,15287,Self-Employed,519,3630697,Car,73002,100,84,41.1,0
53,37337,Salaried,752,3021413,Business,60977,100,180,66.3,0
42,166738,Salaried,732,4901225,Home,27135,16.27,240,72.6,1
56,147233,Salaried,685,156948,Personal,30262,20.55,60,65.4,1
53,115667,Self-Employed,594,2522385,Personal,34787,30.08,84,52.2,0
51,105071,Salaried,417,1687346,Education,15689,14.93,84,8.7,0
60,113064,Salaried,704,1429912,Business,39860,35.25,84,63.5,1
33,184823,Self-Employed,893,661442,Education,50344,27.24,24,100,1
39,121511,Salaried,865,3806082,Education,67891,55.87,48,96,1
42,160830,Salaried,311,2365632,Business,51658,32.12,12,15.7,0
34,18178,Salaried,508,2663137,Personal,65869,100,12,30.4,0
42,46831,Self-Employed,464,1782266,Business,35330,75.44,12,11.4,0
29,148248,Self-Employed,593,4372818,Home,60064,40.52,120,45.1,1
61,118306,Salaried,818,2966561,Education,27014,22.83,12,65,1
28,179726,Salaried,377,4249287,Education,34563,19.23,84,18.5,0
44,172699,Salaried,733,745269,Business,15270,8.84,24,72.1,1
53,198622,Self-Employed,876,1075926,Education,31279,15.75,84,99.2,1
32,127025,Self-Employed,376,3391280,Personal,3657,2.88,84,17.1,0
43,190982,Salaried,347,3872417,Education,68773,36.01,36,16.2,0
43,105417,Salaried,381,4412110,Business,1027,0.97,180,0,1
46,181494,Self-Employed,508,2876866,Personal,14199,7.82,48,18.3,1
43,26984,Salaried,744,3434754,Personal,44954,100,120,68,0
49,104312,Salaried,895,691800,Education,79317,76.04,48,96.7,1
50,98291,Salaried,821,116786,Business,15120,15.38,12,88.4,1
34,22135,Salaried,328,2414054,Education,56812,100,84,5.7,0
39,15320,Salaried,603,1463387,Home,5983,39.05,60,51.9,0
23,167756,Self-Employed,764,4326977,Home,66629,39.72,240,64.8,1
50,103774,Salaried,801,2300056,Personal,70325,67.77,240,77.1,1
42,167961,Salaried,745,2406263,Education,2912,1.73,180,71.6,1
36,113071,Salaried,789,4883461,Home,47879,42.34,120,80.3,1
48,194971,Salaried,727,3639609,Car,21873,11.22,24,67.2,1
52,156842,Salaried,858,1343520,Home,14332,9.14,180,95,1
36,185393,Salaried,658,2582230,Education,16564,8.93,36,50.5,1
44,124863,Self-Employed,390,4526176,Education,77795,62.3,84,11.1,0
45,56777,Salaried,352,4085702,Home,20526,36.15,120,12.7,0
34,61250,Salaried,888,4075725,Education,65481,100,84,99.6,1
43,88034,Salaried,503,483073,Education,52775,59.95,60,30.8,0
58,119940,Salaried,855,1519975,Car,16006,13.35,48,89.7,1
54,55130,Self-Employed,455,531537,Personal,21643,39.26,24,22,0
24,195418,Salaried,301,3979570,Education,63128,32.3,240,0,0
40,148609,Self-Employed,656,4893611,Business,42523,28.61,120,55.3,1
44,30216,Salaried,868,2136866,Personal,70220,100,120,91.8,1
50,99149,Self-Employed,357,4639684,Personal,73390,74.02,48,11.9,0
51,18009,Salaried,553,3579161,Business,52784,100,60,44.4,0
60,104904,Self-Employed,479,2633092,Home,59701,56.91,84,19.3,0
46,175399,Salaried,792,1867389,Car,17946,10.23,24,96.3,1
58,160281,Salaried,334,1625685,Education,13127,8.19,48,1.3,0
29,194515,Self-Employed,374,4561538,Home,29404,15.12,48,16.1,0
37,30029,Self-Employed,588,1514308,Business,17401,57.95,48,39.4,0
29,117171,Salaried,670,2026553,Car,15428,13.17,120,73.4,1
22,129456,Salaried,886,1272178,Car,64372,49.73,120,100,1
26,77559,Salaried,628,4238084,Car,11971,15.43,120,57.7,0
24,79892,Self-Employed,889,4190946,Business,16565,20.73,120,96.7,1
22,85409,Salaried,603,273626,Home,6829,8,24,35.8,1
25,154707,Salaried,878,2383731,Education,76023,49.14,60,100,1
61,48065,Self-Employed,520,4182313,Car,35435,73.72,24,43.5,0
56,135544,Self-Employed,463,2541231,Car,38941,28.73,60,24.6,0
53,122340,Salaried,779,2687588,Home,42459,34.71,84,83.7,1
55,48783,Self-Employed,754,1153035,Car,47976,98.35,36,65.2,0
46,49152,Self-Employed,674,4066384,Car,79199,100,84,47.1,0
31,73741,Salaried,519,1615831,Business,9176,12.44,60,36.6,1
42,122049,Salaried,553,4336258,Personal,51516,42.21,48,35.8,1
60,197574,Self-Employed,487,994545,Home,15072,7.63,240,27.3,1
48,44092,Salaried,490,4857971,Home,71052,100,180,31.2,0
48,163725,Self-Employed,688,333197,Home,19689,12.03,120,55.2,1
23,186541,Salaried,514,932816,Business,18599,9.97,12,35,1
34,101483,Salaried,674,546626,Business,35388,34.87,240,53.5,1
30,136585,Self-Employed,385,3364004,Education,50603,37.05,240,22.3,0
57,74754,Salaried,773,1796176,Business,74736,99.98,84,78,0
43,176050,Salaried,830,4476719,Home,25789,14.65,120,92.6,1
47,102592,Self-Employed,346,504318,Education,77432,75.48,36,0,0
33,109543,Self-Employed,364,3335091,Personal,52282,47.73,60,15.4,0
38,58169,Salaried,774,328429,Car,33464,57.53,120,91,0
35,194359,Salaried,445,4568037,Car,67806,34.89,12,25.1,0
35,69745,Self-Employed,681,675329,Education,41994,60.21,12,67.7,0
55,125168,Self-Employed,365,1973884,Personal,25594,20.45,60,8.9,0
41,128985,Salaried,816,1677255,Car,52563,40.75,240,89,1
32,20543,Self-Employed,392,4245911,Education,28386,100,120,28.1,0
37,36067,Self-Employed,725,3198681,Business,66652,100,12,88.8,0
52,66033,Salaried,767,1044426,Home,17540,26.56,60,80.4,1
27,60256,Self-Employed,393,2995267,Personal,33756,56.02,180,7.3,0
40,168263,Salaried,432,3921306,Car,43426,25.81,180,27,1
58,101803,Salaried,733,3177813,Home,5587,5.49,24,62.3,1
25,133843,Self-Employed,640,961974,Education,49039,36.64,120,51.7,1
25,43992,Self-Employed,613,1711393,Car,10269,23.34,60,48.1,0
41,63803,Self-Employed,890,4958394,Home,6088,9.54,240,100,1
31,124975,Salaried,511,3456820,Business,42044,33.64,36,46.6,1
45,159282,Salaried,819,2498466,Personal,27081,17,12,96.3,1
56,41270,Salaried,458,1518084,Education,61388,100,48,32.9,0
47,151269,Salaried,567,2716551,Car,10543,6.97,120,37.2,1
58,22452,Salaried,773,3140109,Business,3005,13.38,12,80.7,1
59,56486,Salaried,709,518897,Personal,37203,65.86,24,82.9,1
42,29859,Salaried,773,3422053,Personal,16220,54.32,60,82.4,0
61,173308,Self-Employed,655,4545939,Business,32696,18.87,240,67.4,1
60,177971,Salaried,492,3212633,Car,79683,44.77,12,19.1,1
42,47083,Salaried,570,1223767,Personal,46381,98.51,48,50.8,0
31,82708,Salaried,413,3353034,Education,47984,58.02,36,10.4,0
59,126462,Salaried,822,116538,Home,76,0.06,60,85.2,1
25,162735,Salaried,354,4932237,Education,18946,11.64,60,20.4,0
41,108076,Salaried,364,1978347,Personal,23471,21.72,24,13.4,0
38,34053,Self-Employed,571,2409177,Home,61531,100,60,51.7,0
28,157157,Salaried,801,4439696,Business,38738,24.65,240,82,1
25,176636,Self-Employed,661,1227569,Home,40720,23.05,60,44.8,1
50,104745,Self-Employed,445,2944914,Home,24440,23.33,24,16.7,0
35,84517,Self-Employed,508,4391387,Home,11862,14.04,120,40.1,0
24,167225,Salaried,585,1182113,Personal,68273,40.83,84,50.2,1
45,151319,Self-Employed,309,4829577,Car,21788,14.4,120,14.8,0
58,156625,Salaried,485,481508,Personal,25522,16.29,180,31.8,1
37,166883,Salaried,873,4890896,Car,70185,42.06,60,88.4,1
25,152207,Self-Employed,896,186322,Business,69404,45.6,24,99.1,1
45,151645,Salaried,763,308116,Business,52289,34.48,120,85.1,1
55,94267,Salaried,433,4005449,Business,7824,8.3,120,8.1,0
51,153261,Salaried,470,2180239,Business,7799,5.09,180,31.1,1
39,95077,Salaried,512,2183520,Business,45147,47.48,120,25.2,0
40,189718,Salaried,829,1743512,Education,8614,4.54,120,89.5,1
52,91623,Salaried,801,3286421,Personal,25147,27.45,240,89.3,1
40,146004,Self-Employed,871,4827492,Car,76637,52.49,180,99.6,1
40,68687,Self-Employed,899,2847678,Business,20914,30.45,24,100,1
43,83312,Self-Employed,326,2303557,Education,63699,76.46,24,6.3,0
45,122615,Salaried,367,1918058,Education,9615,7.84,120,15.3,1
33,145976,Self-Employed,707,1720663,Education,50785,34.79,36,72.2,1
51,42564,Self-Employed,851,4644641,Personal,57811,100,12,84.1,0
59,43835,Self-Employed,408,2817189,Business,79017,100,240,17,0
52,22697,Salaried,373,3020993,Education,46898,100,36,0,0
57,95165,Salaried,877,1606610,Education,55505,58.33,12,99.2,1
40,163118,Salaried,561,1886301,Business,76031,46.61,84,21.5,1
57,72823,Salaried,667,3087099,Personal,146,0.2,48,68,1
51,199442,Salaried,536,1597053,Education,40275,20.19,12,52.6,1
54,24615,Self-Employed,665,361356,Car,15977,64.91,48,64.8,0
39,151132,Salaried,585,3148787,Home,41565,27.5,180,52.7,1
49,145499,Salaried,677,3271004,Home,33945,23.33,120,72.5,1
32,91436,Salaried,675,2908968,Home,2594,2.84,12,59,1
54,135562,Salaried,375,4194101,Personal,76610,56.51,240,2.3,0
38,86117,Salaried,308,3619073,Education,57655,66.95,84,0.6,0
27,49782,Self-Employed,495,4086454,Home,27431,55.1,24,26.4,0
25,93533,Salaried,589,2244999,Home,27571,29.48,36,48.8,1
41,87684,Self-Employed,360,827725,Business,65971,75.24,120,12,0
48,94558,Salaried,688,1393961,Education,61797,65.35,36,60.8,1
36,96422,Salaried,862,3554043,Education,43937,45.57,36,88,1
27,171328,Salaried,863,3865922,Business,59643,34.81,60,76.6,1
35,176077,Self-Employed,307,309966,Education,60051,34.1,36,0,0
32,21638,Salaried,668,1781126,Car,67902,100,36,57.8,0
60,52419,Self-Employed,344,4317136,Personal,77903,100,60,4.4,0
30,48377,Salaried,643,1382103,Business,76990,100,60,63,0
47,121244,Self-Employed,674,3962062,Home,75204,62.03,240,78.1,0
37,189188,Self-Employed,326,2533587,Education,68951,36.45,12,1.5,0
26,182706,Salaried,492,4137892,Car,75768,41.47,12,35.1,1
31,38382,Self-Employed,656,4231717,Car,29039,75.66,240,61.4,0
24,168466,Salaried,361,1474820,Personal,25568,15.18,60,19.2,1
34,82789,Self-Employed,361,1838976,Car,37459,45.25,48,2.9,0
51,125634,Salaried,721,3614610,Education,7669,6.1,24,62.6,1
27,146936,Salaried,850,2080934,Education,35516,24.17,240,85.1,1
38,114572,Self-Employed,679,3324272,Car,62484,54.54,84,45,1
40,186294,Self-Employed,576,2068422,Education,68197,36.61,240,45.6,1
56,159738,Salaried,730,2184707,Education,23333,14.61,60,63.2,1
47,138664,Self-Employed,414,1809144,Home,55611,40.1,48,21,0
26,167027,Salaried,420,868838,Business,47941,28.7,120,0.9,0
50,125674,Salaried,824,4231497,Education,38875,30.93,60,86.9,1
58,118533,Self-Employed,715,2889173,Education,12698,10.71,180,67.1,1
41,96845,Salaried,462,2608485,Personal,61826,63.84,180,22.6,0
42,84590,Salaried,636,3932224,Business,31408,37.13,24,64,0
31,142775,Self-Employed,678,2439580,Business,78845,55.22,60,56.6,0
26,81471,Salaried,623,2822683,Business,15133,18.57,180,56.3,1
57,58298,Self-Employed,472,1975635,Car,73746,100,36,23.6,0
27,63924,Salaried,363,2030413,Home,36126,56.51,120,23.8,0
47,162781,Salaried,400,4668055,Home,33043,20.3,36,15.6,0
25,24726,Salaried,621,4333327,Personal,4078,16.49,84,58.9,1
60,55542,Salaried,365,4409076,Business,53906,97.05,24,15.7,0
60,166317,Self-Employed,856,1140092,Business,11137,6.7,84,100,1
56,49753,Salaried,898,3154490,Education,29350,58.99,84,100,1
22,94788,Salaried,757,4499927,Car,4698,4.96,180,65.6,1
45,36316,Self-Employed,878,2686455,Car,33132,91.23,60,99.9,0
57,99698,Salaried,752,1851220,Personal,10165,10.2,12,77.6,1
27,30960,Self-Employed,558,4205035,Home,794,2.56,180,18.7,0
52,45791,Salaried,725,3610180,Business,13646,29.8,240,57.5,1
41,40216,Self-Employed,477,4573088,Personal,5870,14.6,12,35.1,0
45,178539,Salaried,579,3803206,Car,30736,17.22,60,57.9,1
46,79427,Self-Employed,643,2141862,Car,58084,73.13,84,56.5,0
57,127470,Self-Employed,316,1013208,Car,16211,12.72,48,9.1,0
42,88290,Salaried,595,1185583,Business,59538,67.43,24,50,0
51,62014,Salaried,501,3876994,Business,7377,11.9,60,33.8,0
45,150150,Self-Employed,493,792003,Business,8861,5.9,48,31,1
51,65519,Salaried,448,4754262,Education,17821,27.2,120,25.3,0
43,19042,Salaried,674,1107721,Home,78488,100,84,65.4,0
49,64052,Salaried,334,68226,Car,74583,100,36,2.5,0
28,29389,Self-Employed,668,3460674,Car,26953,91.71,240,71.3,0
56,110961,Salaried,328,2695559,Education,36801,33.17,48,0,0
49,83111,Salaried,520,1162136,Car,18277,21.99,60,50.3,1
35,120058,Salaried,352,3441469,Car,22628,18.85,36,6.9,0
31,108715,Self-Employed,652,3943809,Business,27802,25.57,180,58.3,1
37,65733,Self-Employed,691,4629449,Business,63497,96.6,120,60.1,0
37,49754,Self-Employed,375,3651070,Home,69814,100,120,15.8,0
52,164696,Salaried,793,645929,Car,53702,32.61,180,79.2,1
46,100886,Self-Employed,821,101712,Personal,28677,28.43,120,83,1
34,172753,Salaried,416,4689709,Car,7500,4.34,36,24.2,1
27,104524,Salaried,579,1025288,Car,4015,3.84,36,55.8,1
30,96006,Salaried,474,3850101,Home,58812,61.26,24,20.7,0
57,39704,Salaried,594,4574733,Personal,7826,19.71,12,55.6,0
41,109913,Self-Employed,750,4359582,Car,9201,8.37,60,85,1
39,109108,Salaried,817,4753576,Personal,29048,26.62,48,72,1
42,22493,Self-Employed,320,2312353,Business,19941,88.65,24,0,0
25,84639,Self-Employed,372,2958096,Business,58418,69.02,12,21.8,0
54,69383,Self-Employed,335,3822093,Personal,65689,94.68,36,8.8,0
48,149066,Salaried,806,784391,Car,41541,27.87,84,98,1
28,62234,Salaried,532,1362784,Personal,49939,80.24,24,37.2,0
27,193363,Self-Employed,796,4864206,Personal,70422,36.42,120,78.5,1
36,143674,Salaried,505,3378367,Business,23950,16.67,120,45.1,1
39,20594,Salaried,725,1431872,Personal,67803,100,36,64.1,0
53,22371,Salaried,343,4973175,Education,20642,92.27,12,5.2,0
32,62315,Salaried,390,2633896,Education,66506,100,240,19.5,0
41,142251,Self-Employed,769,371064,Business,41607,29.25,60,83.4,1
45,94526,Salaried,766,4652844,Car,31288,33.1,24,71.3,1
36,162698,Salaried,753,2735400,Car,14450,8.88,180,77.6,1
28,101005,Salaried,894,172994,Business,5618,5.56,48,96.7,1
42,120573,Salaried,632,1393348,Car,34263,28.42,120,41.9,1
47,153202,Salaried,806,4974760,Home,67583,44.11,60,80.6,1
35,152900,Salaried,769,1932460,Education,74900,48.99,36,65.1,1
58,72514,Salaried,320,1447581,Home,28794,39.71,180,0,0
42,198736,Salaried,527,77949,Home,13091,6.59,24,28.2,1
39,163955,Salaried,675,1301260,Home,68422,41.73,12,68.7,1
26,189131,Salaried,429,2482833,Business,15161,8.02,60,23.9,1
24,189004,Salaried,713,428147,Home,4158,2.2,48,81.1,1
44,90986,Salaried,370,1880662,Personal,27663,30.4,120,4.3,0
47,100959,Self-Employed,703,1074483,Car,6733,6.67,240,68.2,1
58,17035,Salaried,861,624989,Business,32001,100,84,84.7,0
45,124767,Salaried,696,886943,Personal,39128,31.36,12,60.9,1
40,186817,Salaried,636,2558648,Personal,49630,26.57,180,52.8,1
46,32241,Self-Employed,804,3235155,Education,9329,28.94,24,99.8,1
42,67975,Salaried,575,4341484,Education,53105,78.12,48,48.7,0
33,169226,Self-Employed,312,677838,Personal,63436,37.49,36,1,0
54,171697,Salaried,302,4120199,Education,69579,40.52,84,9,0
25,191022,Self-Employed,523,1176528,Car,14242,7.46,24,42.6,1
28,71396,Self-Employed,474,4310350,Car,27133,38,60,28.6,0
43,133920,Salaried,684,1920208,Education,24740,18.47,240,69.4,1
54,159403,Salaried,540,2762510,Home,30976,19.43,36,37.6,1
38,101226,Salaried,846,884754,Personal,40067,39.58,24,100,1
45,99719,Salaried,313,3265974,Car,11231,11.26,24,11.9,0
55,78014,Salaried,494,2687023,Education,66105,84.73,240,29.1,0
49,54346,Salaried,696,1443440,Education,3328,6.12,84,72.1,1
60,85411,Salaried,730,498431,Car,25261,29.58,24,76.1,1
43,158326,Salaried,605,1778789,Car,25262,15.96,36,53.1,1
38,174693,Salaried,633,449325,Home,3280,1.88,12,59.6,1
55,91441,Salaried,709,2469053,Education,31742,34.71,24,61.7,1
27,61121,Salaried,302,1361958,Education,3590,5.87,24,0,0
27,75197,Self-Employed,851,2792710,Business,50226,66.79,24,100,0
55,99577,Salaried,751,65064,Home,13570,13.63,120,76.8,1
22,109634,Self-Employed,794,3856708,Car,9533,8.7,36,76.7,1
31,188503,Salaried,716,709830,Car,13366,7.09,48,68.2,1
42,115211,Salaried,690,989507,Personal,76368,66.29,24,60.7,1
26,150909,Salaried,672,1437979,Car,28325,18.77,60,69.2,1
23,195066,Salaried,351,686480,Education,34798,17.84,240,4,1
43,158687,Self-Employed,675,1457296,Car,39453,24.86,240,62.9,1
23,16466,Self-Employed,694,2776921,Education,22849,100,120,60.4,0
31,45771,Salaried,441,1261694,Education,55943,100,180,41.2,0
55,98886,Self-Employed,385,520471,Home,6157,6.23,60,19.2,0
37,80911,Salaried,763,936357,Car,30178,37.3,60,81.9,1
60,166818,Self-Employed,345,1421028,Home,29030,17.4,36,13.1,1
43,103422,Self-Employed,537,506435,Education,51134,49.44,84,36.3,0
33,88369,Salaried,309,588359,Car,65729,74.38,12,13.7,0
45,16893,Salaried,872,2519536,Car,8164,48.33,36,94.8,1
61,45573,Salaried,829,4770710,Home,1119,2.46,24,100,1
59,111907,Self-Employed,897,3258136,Home,13351,11.93,120,96.9,1
31,186946,Salaried,477,2166310,Education,56063,29.99,240,35.2,0
56,114956,Self-Employed,305,4952785,Education,72076,62.7,48,2.2,0
53,133580,Self-Employed,606,594162,Car,45162,33.81,120,53.1,0
28,179439,Salaried,847,4483443,Car,31760,17.7,180,77.8,1
42,167271,Salaried,626,3518454,Business,49678,29.7,24,46.5,1
41,106404,Self-Employed,655,4366907,Business,47628,44.76,120,71.2,0
47,72724,Salaried,694,1032207,Personal,40739,56.02,36,55.4,0
25,101133,Self-Employed,599,1513497,Education,29738,29.4,180,57,0
43,182477,Salaried,825,3789397,Personal,46921,25.71,84,100,1
36,30989,Salaried,584,4742125,Personal,61068,100,36,51.8,0
61,43931,Salaried,629,3371453,Home,23581,53.68,180,71.8,0
42,24290,Self-Employed,349,828873,Home,21485,88.45,36,13.7,0
36,184439,Salaried,677,516548,Business,36294,19.68,240,64.9,1
43,136136,Self-Employed,899,2482095,Personal,53001,38.93,36,100,1
49,94878,Salaried,837,4568633,Business,1634,1.72,12,88.1,1
35,105477,Self-Employed,443,3667257,Education,43969,41.69,24,22.2,0
48,141299,Salaried,359,2450834,Car,93,0.07,48,5.6,0
61,176205,Salaried,374,2646057,Home,28370,16.1,24,15.7,1
49,120686,Self-Employed,302,3407198,Education,19750,16.36,48,17.9,0
47,173124,Salaried,874,3630176,Education,16472,9.51,48,100,1
23,122286,Salaried,747,170026,Home,18934,15.48,48,76.1,1
46,55475,Salaried,574,496295,Home,43774,78.91,12,50.6,0
24,97666,Self-Employed,829,2827540,Personal,39125,40.06,240,87.5,1
29,111622,Self-Employed,891,3762151,Business,66981,60.01,120,100,1
54,150705,Salaried,514,4930730,Education,39103,25.95,24,22.6,0
56,163376,Salaried,784,4998381,Personal,60085,36.78,36,96.1,1
27,122573,Self-Employed,628,3279198,Personal,56543,46.13,180,50.3,0
60,61546,Salaried,554,2915530,Education,16938,27.52,120,39.3,1
44,22008,Self-Employed,686,1144526,Education,77492,100,48,54.6,0
46,63291,Salaried,425,3906811,Car,51586,81.51,48,22.1,0
40,173477,Self-Employed,883,2425521,Business,58024,33.45,240,91.7,1
26,51386,Self-Employed,849,543466,Education,39687,77.23,60,100,1
32,105909,Self-Employed,623,4324015,Home,71129,67.16,60,59.2,0
33,166899,Self-Employed,503,2288275,Car,26207,15.7,120,28.3,1
31,48040,Salaried,471,3975300,Business,49354,100,12,21.5,0
29,75354,Salaried,516,3880278,Home,37310,49.51,36,30.9,0
45,93543,Salaried,544,283597,Home,48960,52.34,24,33.1,0
49,33157,Salaried,635,2695348,Business,61262,100,84,53.6,0
57,50315,Salaried,597,4611295,Car,13403,26.64,84,42.8,0
58,50932,Self-Employed,481,3054494,Home,13065,25.65,12,39.5,0
42,167236,Salaried,633,2925780,Personal,26801,16.03,84,51.5,1
29,160486,Salaried,810,4163942,Business,29230,18.21,24,89.6,1
30,160399,Salaried,682,2947596,Business,72706,45.33,48,68.3,1
36,128880,Self-Employed,498,2164564,Education,29968,23.25,84,18.2,0
61,147018,Salaried,631,3160806,Car,42517,28.92,36,60.9,1
39,29693,Salaried,464,317800,Personal,53239,100,36,13.7,0
41,42241,Self-Employed,541,2625326,Personal,32655,77.31,36,33.5,0
27,130194,Salaried,526,1507556,Education,62771,48.21,48,43,0
33,110790,Salaried,855,1717349,Home,45984,41.51,240,93.5,1
23,161612,Salaried,750,3639974,Home,11049,6.84,48,72.3,1
28,87255,Self-Employed,495,4394899,Personal,72321,82.88,48,18.2,0
37,187275,Salaried,503,4817039,Car,64813,34.61,48,41.6,1
24,171153,Self-Employed,757,2196909,Home,4655,2.72,120,79.6,1
24,26350,Salaried,556,834402,Business,72454,100,60,35.8,0
48,71809,Self-Employed,828,1489485,Education,68972,96.05,24,80.3,1
61,116894,Salaried,571,1038892,Car,21432,18.33,120,53.4,1
59,112557,Salaried,308,428976,Home,65896,58.54,36,3.7,0
54,188904,Salaried,500,2197680,Personal,70135,37.13,12,22.5,1
49,174441,Salaried,358,3494102,Education,42936,24.61,240,3.8,0
22,46728,Salaried,692,4292546,Home,13750,29.43,60,81,0
29,32576,Self-Employed,418,509099,Personal,27987,85.91,12,27.7,0
58,175073,Salaried,852,3310416,Home,26165,14.95,12,92,1
53,98384,Self-Employed,698,3687310,Education,50541,51.37,12,66.5,0
58,15390,Self-Employed,630,2673223,Business,24346,100,240,37.6,0
25,60436,Salaried,566,2175542,Business,3514,5.81,180,54.8,1
51,26569,Self-Employed,819,1170678,Personal,24838,93.48,84,82.9,0
27,159101,Salaried,779,3475298,Business,27559,17.32,84,73.4,1
40,37490,Salaried,433,2729628,Education,59207,100,84,28.2,0
53,60875,Self-Employed,654,1717095,Personal,16385,26.92,48,54,0
30,20867,Self-Employed,883,753446,Home,18317,87.78,60,82.6,0
33,95820,Salaried,797,281360,Car,393,0.41,36,86.1,1
32,114515,Salaried,406,919946,Home,24881,21.73,36,5.5,0
37,24121,Salaried,589,2890689,Education,27955,100,120,47.7,0
22,16539,Self-Employed,446,4130570,Personal,58308,100,60,26.9,0
42,163099,Salaried,626,3854379,Home,58014,35.57,180,52.1,1
51,142402,Salaried,714,4354395,Personal,65430,45.95,60,66.8,1
34,89229,Salaried,509,3032856,Business,72031,80.73,48,47.2,0
55,154993,Salaried,595,623681,Car,59596,38.45,36,61.7,1
25,65435,Salaried,697,1168346,Education,1713,2.62,24,58.8,1
49,156382,Salaried,402,3170309,Home,20428,13.06,36,12.2,1
59,78965,Salaried,807,849800,Car,62160,78.72,120,80.2,1
52,126048,Salaried,508,4429689,Education,66171,52.5,180,34.4,0
48,111444,Self-Employed,727,98838,Education,60843,54.6,60,70.5,1
26,84922,Salaried,692,2680174,Business,23003,27.09,12,79.1,1
46,112799,Self-Employed,408,2778627,Personal,42077,37.3,36,16.5,0
24,108948,Self-Employed,647,4343633,Personal,26730,24.53,48,49.6,1
54,158314,Self-Employed,349,2667298,Car,72981,46.1,48,3.5,0
25,23947,Self-Employed,404,3601141,Business,79817,100,12,20.3,0
46,63785,Salaried,719,905327,Education,72138,100,240,67.8,0
41,134963,Salaried,672,3316152,Business,65573,48.59,48,64.5,1
55,15507,Salaried,326,3121487,Business,28869,100,24,2.4,0
47,173223,Salaried,572,4083415,Car,31076,17.94,240,51.1,1
26,26618,Self-Employed,639,370217,Personal,25094,94.27,48,55.8,0
56,89286,Salaried,600,294042,Business,26817,30.03,48,40.3,1
49,31122,Self-Employed,779,275683,Business,10555,33.91,84,77.1,1
50,153426,Salaried,843,1314123,Business,70656,46.05,180,100,1
30,124598,Self-Employed,856,1342179,Home,50193,40.28,60,100,1
59,177051,Salaried,564,1378142,Business,4715,2.66,180,34.7,1
27,101436,Salaried,841,2219815,Business,34162,33.68,12,100,1
40,198846,Salaried,895,4345520,Education,38458,19.34,48,100,1
32,151109,Self-Employed,465,2922040,Home,3140,2.08,12,23.6,1
23,43633,Salaried,615,1355068,Business,74174,100,36,50.2,0
30,39495,Self-Employed,300,4539191,Business,17383,44.01,120,0.5,0
42,79550,Self-Employed,560,584396,Car,17718,22.27,12,52,0
45,51483,Self-Employed,362,1303282,Car,76160,100,60,11.9,0
55,128181,Salaried,782,3756196,Home,57399,44.78,12,83,1
43,49069,Self-Employed,620,4037422,Education,21863,44.56,84,63,0
24,153442,Self-Employed,500,4910787,Home,71626,46.68,240,30.1,0
33,134873,Salaried,521,2099871,Home,11377,8.44,36,39.3,1
49,131843,Salaried,451,4568382,Car,60523,45.91,84,28.7,0
51,86947,Salaried,761,1963894,Car,14870,17.1,48,77.9,1
47,185205,Salaried,516,80881,Education,57487,31.04,84,40,1
42,110761,Salaried,495,3293899,Business,19300,17.42,24,27,0
49,128753,Self-Employed,501,3095313,Education,55951,43.46,48,41.3,0
47,146764,Salaried,533,4462119,Business,67639,46.09,120,34.4,1
54,43926,Salaried,440,2458247,Personal,72126,100,84,27,0
42,114782,Self-Employed,797,2418048,Car,42980,37.44,240,84.5,1
56,119700,Salaried,854,691627,Personal,32050,26.78,120,86.8,1
55,88984,Self-Employed,356,755051,Personal,2921,3.28,12,22.3,0
39,189462,Salaried,803,1047807,Car,70270,37.09,84,97.6,1
32,64593,Salaried,441,4528791,Personal,30328,46.95,36,16.1,0
44,90609,Salaried,883,274320,Home,60820,67.12,180,100,1
43,20209,Salaried,838,4788265,Business,23138,100,12,88.7,0
38,141700,Salaried,405,3552896,Education,12094,8.53,24,12.1,1
26,152605,Self-Employed,464,819483,Car,65264,42.77,36,30.3,0
32,101597,Salaried,514,4282383,Home,9028,8.89,36,42.3,0
51,22211,Self-Employed,370,3239948,Education,15432,69.48,120,13,0
36,24927,Salaried,878,2260030,Education,43819,100,180,93.4,1
48,132333,Salaried,389,3312311,Education,5312,4.01,240,25.5,1
56,170666,Self-Employed,527,98720,Personal,25973,15.22,120,48.8,1
54,91382,Salaried,378,1637582,Personal,55305,60.52,180,7.5,0
41,154005,Self-Employed,648,3624541,Personal,28973,18.81,84,58.7,1
37,118780,Self-Employed,545,4735871,Personal,44390,37.37,24,28.2,0
55,55696,Self-Employed,571,3119474,Home,16099,28.91,12,51.8,0
23,82616,Salaried,702,3948486,Personal,49956,60.47,36,77.6,1
56,152161,Salaried,415,4650384,Car,14063,9.24,240,22.3,1
61,172195,Self-Employed,734,4856970,Education,9605,5.58,120,64.1,1
49,153869,Self-Employed,829,2848627,Home,77904,50.63,24,100,1
60,65013,Salaried,741,1483038,Personal,72964,100,12,89.7,0
27,154418,Salaried,471,2592322,Education,51205,33.16,24,25,0
30,179744,Salaried,315,1734009,Home,15817,8.8,36,6.1,1
41,163725,Salaried,355,2027924,Education,2420,1.48,84,15.7,1
22,64556,Salaried,890,1636282,Home,69853,100,240,100,1
29,138723,Salaried,402,3153300,Business,27728,19.99,180,17.4,0
44,41140,Self-Employed,583,2759515,Home,57858,100,240,61.5,0
24,16184,Self-Employed,816,3698850,Personal,49089,100,180,73.5,0
25,180565,Salaried,577,2474523,Education,28964,16.04,120,33.7,1
46,190220,Salaried,568,4650355,Education,76992,40.48,84,44.5,1
59,170918,Salaried,699,1586843,Education,42240,24.71,180,80.4,1
36,126361,Self-Employed,802,937889,Car,12675,10.03,84,92.9,1
42,168267,Self-Employed,385,3565376,Car,60049,35.69,24,2.2,0
56,20606,Self-Employed,619,3844218,Personal,48436,100,240,75.9,0
35,150028,Self-Employed,331,3753535,Business,40213,26.8,240,9.6,0
57,31555,Salaried,635,729520,Car,28111,89.09,36,46.6,0
33,105385,Self-Employed,350,4711905,Home,4284,4.07,240,7.6,0
38,164762,Salaried,378,3599292,Personal,17585,10.67,24,20.7,0
60,73502,Salaried,473,657748,Business,65039,88.49,36,38.9,0
30,194921,Self-Employed,800,298792,Home,7131,3.66,84,82.8,1
56,172419,Salaried,874,4873260,Education,43382,25.16,48,99.8,1
34,118844,Salaried,375,1113205,Car,33527,28.21,180,11.5,0
36,106321,Salaried,615,885488,Home,30936,29.1,12,52,1
39,64056,Salaried,672,3993433,Business,53441,83.43,84,67.8,0
54,113234,Self-Employed,380,188966,Personal,54598,48.22,24,24.9,0
27,56850,Salaried,370,1018305,Home,79220,100,84,2.6,0
48,42843,Salaried,370,2269540,Personal,20642,48.18,12,9.8,0
44,77320,Salaried,345,2350660,Education,69907,90.41,24,2.7,0
48,44793,Salaried,346,675070,Business,12651,28.24,240,0,0
55,185588,Salaried,890,3631870,Business,1665,0.9,84,89.9,1
59,163929,Self-Employed,721,4054750,Car,6918,4.22,180,70.4,1
35,34627,Salaried,448,2579195,Business,23007,66.44,120,16.1,0
57,76822,Self-Employed,429,3633719,Home,75730,98.58,240,12.6,0
29,198320,Self-Employed,755,1388245,Home,25035,12.62,240,74.4,1
56,70798,Self-Employed,804,3562385,Home,76749,100,48,76.2,0
40,190188,Salaried,543,2088731,Education,22211,11.68,120,44.6,1
51,90318,Salaried,773,4897993,Business,54587,60.44,60,75,1
35,119186,Self-Employed,681,4930150,Business,26866,22.54,120,53.9,1
41,102902,Salaried,402,4604142,Home,7344,7.14,48,35.6,0
46,174629,Self-Employed,788,242527,Car,68737,39.36,12,64.3,1
61,86334,Self-Employed,336,3756152,Car,70288,81.41,48,12.9,0
45,121719,Self-Employed,848,1029929,Business,62546,51.39,36,94.1,1
35,138099,Self-Employed,819,2203691,Business,10327,7.48,240,82.6,1
47,188686,Salaried,632,262736,Personal,48659,25.79,60,48.1,1
59,27720,Salaried,696,468158,Business,45797,100,48,79.8,1
44,72608,Self-Employed,595,1166939,Home,71627,98.65,180,66.2,0
43,122449,Salaried,406,528739,Education,27608,22.55,60,15.3,0
40,117828,Salaried,829,292723,Business,28285,24.01,36,84.7,1
24,141613,Salaried,382,2078366,Business,48634,34.34,24,22.7,1
40,87095,Salaried,587,4855029,Home,40289,46.26,180,45.9,0
30,120924,Self-Employed,760,4901307,Personal,18007,14.89,24,81.3,1
49,111452,Self-Employed,514,2000908,Business,25257,22.66,180,40.1,0
41,102593,Salaried,580,860161,Car,29784,29.03,60,47,1
28,181964,Self-Employed,758,3818995,Car,38588,21.21,180,77.7,1
35,121975,Self-Employed,643,4515905,Car,44221,36.25,60,60.1,1
30,92242,Salaried,493,240701,Education,21378,23.18,12,23.5,0
40,131041,Salaried,457,1524542,Education,4696,3.58,24,20.7,1
35,141202,Salaried,764,3565994,Business,34635,24.53,84,79.1,1
59,92606,Self-Employed,403,2249172,Business,58543,63.22,36,13.5,0
57,138769,Salaried,333,2381770,Business,19207,13.84,180,27.7,1
61,133542,Salaried,401,3888878,Education,27524,20.61,60,17.9,0
38,121438,Self-Employed,624,1973413,Business,28554,23.51,36,40.1,1
51,15924,Salaried,891,952562,Home,11817,74.21,120,76,1
30,66322,Salaried,440,4409797,Personal,55258,83.32,180,29.9,0
54,172550,Salaried,773,1953046,Car,62582,36.27,48,80,1
46,86042,Salaried,330,2920469,Car,168,0.2,240,16.5,0
35,61418,Self-Employed,362,4457577,Home,42981,69.98,84,5.2,0
32,115699,Salaried,859,3782341,Business,65199,56.35,12,92.2,1
56,105140,Salaried,386,4532048,Education,64948,61.77,60,16.6,0
35,26781,Self-Employed,603,2357846,Business,57782,100,60,49.3,0
51,151587,Self-Employed,360,2409203,Business,61599,40.64,120,8.1,0
25,132358,Salaried,695,3625115,Car,73563,55.58,120,71.6,1
25,51133,Salaried,633,3519398,Car,16291,31.86,84,48.8,0
49,112628,Salaried,710,1873384,Education,53833,47.8,180,72.6,1
29,91946,Self-Employed,583,2308618,Car,32992,35.88,24,61.8,0
23,100058,Salaried,765,3341196,Business,39350,39.33,120,90.7,1
43,155167,Salaried,379,1050209,Home,1573,1.01,120,0,1
37,166542,Salaried,376,162168,Education,8577,5.15,48,8.7,1
50,58129,Salaried,839,4878405,Home,8712,14.99,24,92.2,1
51,23531,Self-Employed,660,2404112,Business,29948,100,48,70.2,0
33,52038,Self-Employed,376,4902858,Education,77700,100,48,14.3,0
56,102939,Self-Employed,808,3462661,Home,5217,5.07,84,94.9,1
32,57674,Salaried,463,2626063,Education,60178,100,120,21.8,0
42,142572,Salaried,308,1862878,Business,26409,18.52,36,4,0
42,44831,Salaried,474,2339358,Education,49040,100,12,31.8,0
26,72174,Salaried,761,311041,Business,78270,100,36,87.3,1
41,26279,Salaried,606,3351777,Education,79066,100,240,58.3,0
58,184292,Salaried,887,4346271,Education,77930,42.29,12,100,1
24,75610,Salaried,544,443345,Car,67035,88.66,180,47.5,0
54,198791,Self-Employed,421,1420403,Business,9669,4.86,24,10.5,1
30,68051,Self-Employed,484,3503203,Personal,58247,85.59,84,29.3,0
30,71652,Self-Employed,331,2395871,Education,58975,82.31,36,0,0
25,80524,Salaried,868,2588871,Home,28562,35.47,120,89.4,1
56,21470,Self-Employed,609,208621,Car,21629,100,24,50.1,0
38,187870,Salaried,671,3732358,Car,61463,32.72,48,43.8,1
55,68473,Salaried,895,4018577,Education,46007,67.19,240,98.1,1
45,165952,Self-Employed,355,757609,Personal,18128,10.92,84,2.9,0
53,59439,Salaried,572,2652807,Car,2039,3.43,48,36.9,1
22,29308,Salaried,763,280099,Business,3857,13.16,24,77.9,1
29,106563,Salaried,755,2144269,Education,59019,55.38,240,72.7,1
44,50081,Salaried,548,968241,Education,70486,100,48,44.1,0
61,196455,Salaried,377,2672739,Personal,12735,6.48,240,7.6,1
33,24837,Self-Employed,833,1347816,Business,34511,100,24,87.4,0
33,198223,Self-Employed,407,4692356,Business,46051,23.23,120,37.5,0
36,133128,Salaried,572,4417757,Personal,52693,39.58,60,50.3,0
40,182896,Salaried,314,426430,Home,69152,37.81,180,0,0
47,179145,Salaried,669,1052475,Business,29756,16.61,180,71.4,1
50,127651,Salaried,603,368442,Home,3894,3.05,48,62.9,1
43,112624,Self-Employed,504,2040589,Home,43232,38.39,48,38.8,0
61,172371,Salaried,412,3977526,Education,53214,30.87,180,12.4,1
42,45063,Self-Employed,552,2663182,Education,69817,100,36,50.3,0
59,84453,Salaried,740,1470545,Car,63862,75.62,120,68.7,1
41,117166,Self-Employed,485,3311365,Education,30036,25.64,180,41.6,0
50,29506,Self-Employed,526,311046,Business,18584,62.98,180,35.7,0
25,128604,Salaried,827,1034413,Business,32308,25.12,48,85.6,1
28,41026,Salaried,653,2255349,Home,28333,69.06,240,63,0
49,173744,Self-Employed,300,1229436,Business,35949,20.69,48,11.3,0
49,184489,Salaried,852,110285,Education,39288,21.3,180,100,1
25,67413,Salaried,859,2952450,Education,78588,100,84,93.4,1
43,80066,Self-Employed,719,3858681,Education,77807,97.18,60,66.6,0
33,65971,Salaried,460,4515943,Personal,45267,68.62,48,20.1,0
24,173353,Self-Employed,460,4490434,Business,32175,18.56,60,14.8,0
43,128978,Salaried,427,3927796,Car,8915,6.91,12,13.1,1
23,174163,Salaried,450,564938,Business,72454,41.6,120,26.9,0
45,65494,Self-Employed,743,3120132,Business,59722,91.19,180,82.3,0
55,118864,Salaried,770,4503054,Personal,65298,54.94,240,71.1,1
48,164682,Salaried,762,2439642,Business,13805,8.38,36,83.3,1
22,147151,Salaried,329,4352925,Home,40517,27.53,240,0,0
29,110386,Salaried,772,4725919,Education,54716,49.57,60,72.7,1
44,192823,Salaried,856,168833,Education,2871,1.49,84,84.1,1
59,101126,Salaried,379,2158086,Personal,37375,36.96,12,23.8,0
27,177023,Salaried,338,2440019,Education,45741,25.84,240,19.2,0
43,95863,Salaried,539,1824702,Home,23148,24.15,240,34,1
46,93291,Self-Employed,856,4726195,Personal,5834,6.25,84,86.2,1
39,140659,Self-Employed,889,2388782,Car,42680,30.34,180,100,1
38,22235,Salaried,636,1659387,Education,3399,15.29,48,69.8,0
33,97733,Self-Employed,579,4083310,Business,64091,65.58,60,59.4,0
27,77712,Self-Employed,415,433094,Home,21762,28,60,16.1,0
47,167545,Salaried,568,216804,Home,51009,30.44,120,43.2,1
48,140849,Salaried,634,3761662,Education,76493,54.31,120,45.8,1
29,94823,Salaried,611,3437752,Car,51548,54.36,120,48.7,0
40,119215,Self-Employed,352,2117139,Business,28340,23.77,60,9.4,0
22,47230,Salaried,367,4034936,Car,61365,100,48,0.4,0
50,99573,Salaried,333,4525564,Car,59790,60.05,180,1.1,0
56,55644,Self-Employed,685,4185241,Education,67797,100,12,65.9,0
61,194736,Salaried,548,3308586,Business,11809,6.06,12,29.2,1
35,60203,Salaried,410,3939359,Education,17696,29.39,84,22.1,0
56,81677,Salaried,393,4320924,Education,51457,63,24,23.7,0
41,171497,Salaried,709,471972,Home,21891,12.76,36,72.7,1
34,138246,Self-Employed,478,132604,Education,59151,42.79,48,25.7,0
59,99817,Self-Employed,346,1908558,Personal,63008,63.12,24,17,0
29,84806,Salaried,675,2871331,Business,52488,61.89,120,73.6,0
41,57814,Salaried,886,2432508,Home,56632,97.96,12,100,1
54,85219,Self-Employed,501,2449414,Business,66533,78.07,36,34.7,0
47,195718,Salaried,744,1640404,Home,71889,36.73,24,69,1
60,185956,Salaried,596,2334533,Personal,57942,31.16,240,46.1,1
42,110345,Salaried,607,3916491,Education,9275,8.41,180,59.7,1
30,115088,Salaried,792,4053615,Home,19965,17.35,36,96.8,1
45,84322,Salaried,637,3839149,Home,35854,42.52,60,52.8,0
58,36650,Salaried,365,4697193,Home,15973,43.58,36,9.5,0
38,109242,Salaried,721,2033756,Personal,26878,24.6,84,65,1
45,155262,Salaried,839,486060,Business,17105,11.02,60,86.4,1
42,53196,Salaried,792,846184,Personal,64746,100,24,71.9,1
60,185521,Salaried,616,1566503,Home,39935,21.53,180,56.1,1
60,185733,Salaried,374,483886,Home,32784,17.65,84,2.2,1
34,44709,Salaried,358,4931142,Education,31601,70.68,36,5.3,0
32,95428,Salaried,685,469655,Personal,39865,41.77,12,63.7,1
40,24943,Salaried,314,1521602,Personal,78701,100,60,0,0
32,189312,Salaried,530,1426956,Car,18616,9.83,24,32.1,1
34,191832,Self-Employed,498,1012217,Business,11654,6.08,24,24,1
22,36042,Self-Employed,653,2936632,Car,17830,49.47,240,67.6,0
61,58894,Salaried,334,2049370,Car,16205,27.52,120,17.1,0
40,152941,Salaried,461,3778922,Business,42425,27.74,84,20.5,1
33,71759,Salaried,770,388781,Education,77495,100,12,100,1
29,120973,Salaried,830,341922,Education,77355,63.94,24,80.9,1
29,59306,Salaried,722,2885900,Business,35851,60.45,120,66.9,0
33,123369,Salaried,647,4365222,Business,6952,5.64,36,61.8,1
54,166990,Self-Employed,446,1975044,Personal,47405,28.39,24,29,0
47,43379,Salaried,673,3647120,Personal,5391,12.43,84,59.6,1
60,135667,Salaried,715,4699922,Personal,62468,46.05,180,77.9,1
49,149034,Salaried,793,4201963,Personal,15091,10.13,180,91.8,1
26,159923,Self-Employed,858,3705053,Home,30237,18.91,24,92.9,1
29,132626,Salaried,555,822793,Home,58353,44,84,41.3,1
46,191819,Self-Employed,402,61957,Education,74500,38.84,60,12.1,0
48,140180,Self-Employed,420,4054804,Home,40682,29.02,120,11.7,0
44,67349,Salaried,718,1021120,Home,49634,73.7,48,63.3,0
51,160817,Salaried,649,67829,Personal,26968,16.77,24,62.5,1
44,20730,Salaried,341,2293256,Personal,54833,100,36,6.8,0
41,159993,Self-Employed,666,3295498,Business,40205,25.13,240,59,1
39,34023,Self-Employed,328,3746368,Personal,76907,100,180,0.1,0
39,191421,Salaried,313,2177367,Business,42541,22.22,240,0,1
23,141796,Self-Employed,784,1548111,Business,28285,19.95,60,80.3,1
25,96533,Salaried,488,1618327,Home,52513,54.4,60,30.3,0
51,98286,Salaried,594,2877154,Personal,15430,15.7,120,49,1
54,56979,Self-Employed,482,3158958,Home,9033,15.85,120,26.8,0
57,37837,Self-Employed,847,4942712,Personal,19918,52.64,12,85.8,0
39,161069,Salaried,336,824474,Home,18256,11.33,60,6.1,0
58,119975,Self-Employed,313,4450908,Home,48522,40.44,180,7.4,0
40,191111,Self-Employed,894,2738154,Home,64353,33.67,120,94.9,1
49,35923,Self-Employed,458,4887650,Education,31188,86.82,24,7.2,0
61,23876,Self-Employed,793,328169,Home,55134,100,180,71.2,0
41,75973,Self-Employed,628,859138,Car,52657,69.31,24,63.3,0
54,148959,Salaried,382,4942580,Car,36088,24.23,12,21.6,0
33,57422,Self-Employed,855,4406232,Car,14979,26.09,36,97.7,1
36,66413,Salaried,879,1988174,Business,68264,100,36,100,1
60,117484,Self-Employed,859,3204907,Home,50106,42.65,84,100,1
23,148913,Salaried,868,743983,Car,1595,1.07,36,91.9,1
50,43756,Self-Employed,886,722947,Business,32624,74.56,120,98.8,0
31,86576,Salaried,321,2826245,Car,67824,78.34,180,0,0
23,133248,Salaried,431,3450205,Personal,40431,30.34,36,20.4,0
32,25304,Salaried,764,2484434,Education,17127,67.68,240,92.5,1
34,45341,Self-Employed,755,2847975,Home,17878,39.43,12,69.2,0
31,150830,Self-Employed,601,4212828,Education,72480,48.05,36,40.8,0
35,163082,Salaried,566,223226,Education,60690,37.21,36,42.8,1
39,142039,Self-Employed,694,2658711,Personal,77838,54.8,120,62.5,0
30,177730,Self-Employed,419,166905,Personal,56360,31.71,60,22,0
60,195074,Salaried,545,1127406,Personal,207,0.11,48,47.2,1
49,147447,Salaried,867,4092236,Business,1083,0.73,24,91.5,1
24,114485,Self-Employed,337,2439905,Car,51564,45.04,120,23,0
41,37092,Salaried,544,4785993,Home,3311,8.93,36,50.5,0
27,146562,Self-Employed,320,4665249,Personal,23135,15.79,120,0,0
48,18729,Self-Employed,409,939912,Home,57109,100,120,17.5,0
23,152046,Self-Employed,693,750527,Home,61354,40.35,24,69.7,1
50,133222,Self-Employed,709,4469557,Home,63647,47.78,120,61.5,1
59,100216,Salaried,307,4039551,Personal,59301,59.17,84,0,0
24,98860,Salaried,743,3814599,Personal,62233,62.95,48,89.3,1
37,111870,Salaried,627,4433547,Car,46212,41.31,60,45.6,1
51,36398,Salaried,589,4725616,Personal,57776,100,180,55,0
61,49650,Salaried,810,187719,Personal,71386,100,60,90.6,1
23,167364,Self-Employed,660,4134338,Home,51588,30.82,36,53.5,1
38,118889,Self-Employed,898,295221,Car,31716,26.68,24,100,1
33,18159,Salaried,518,1122643,Education,78255,100,84,36.9,0
56,113162,Salaried,705,1608569,Personal,21777,19.24,84,68.6,1
22,117834,Salaried,519,3722072,Personal,49285,41.83,120,24.2,1
36,163137,Salaried,894,4499074,Education,28788,17.65,180,82.1,1
47,36638,Salaried,406,603616,Home,4019,10.97,48,15.7,0
58,16073,Self-Employed,880,4297136,Car,75018,100,180,100,1
42,192583,Salaried,585,1141347,Home,46873,24.34,12,32.6,1
52,44320,Self-Employed,307,4341725,Business,9895,22.33,84,2.3,0
46,49924,Salaried,488,2084730,Personal,79671,100,84,32,0
44,186806,Self-Employed,380,1570770,Business,49013,26.24,36,23.3,0
45,83116,Self-Employed,407,3852717,Personal,59570,71.67,240,26,0
59,186097,Self-Employed,620,4534603,Business,75923,40.8,60,54.5,1
49,17159,Self-Employed,878,199360,Education,47672,100,12,95.6,0
42,63940,Self-Employed,645,3508460,Personal,6121,9.57,120,51.7,0
39,94436,Self-Employed,627,2365175,Personal,67863,71.86,36,45.3,0
57,29678,Self-Employed,854,1093904,Business,18930,63.78,48,87.3,0
56,193276,Salaried,601,2682691,Car,49987,25.86,84,41.3,1
30,158093,Salaried,499,1200996,Business,35502,22.46,180,32.3,1
59,152844,Salaried,718,4516071,Personal,31688,20.73,48,69.4,1
51,82163,Salaried,338,1415435,Personal,7304,8.89,240,4.1,0
55,169536,Salaried,606,4512571,Car,4049,2.39,180,51.9,1
53,66137,Self-Employed,303,1363781,Home,14947,22.6,84,0,0
24,176304,Self-Employed,376,1204969,Car,9495,5.39,120,19.4,1
24,76497,Salaried,767,2925656,Home,24707,32.3,180,79.7,1
49,115485,Salaried,478,1399815,Personal,61920,53.62,24,25.8,0
36,197520,Self-Employed,575,2337842,Education,44544,22.55,60,36.5,1
44,120468,Salaried,451,3801459,Education,30706,25.49,120,24.5,0
61,15901,Self-Employed,463,430149,Business,33993,100,180,36.3,0
32,102980,Salaried,589,4016974,Car,14987,14.55,60,52.9,1
53,122594,Self-Employed,677,2232293,Car,19089,15.57,36,68.9,1
57,17881,Salaried,609,2638160,Education,65997,100,84,57.3,0
54,44863,Self-Employed,688,3888920,Home,9993,22.27,60,74.4,0
45,151694,Salaried,482,3159668,Car,11465,7.56,180,37.2,1
60,147450,Salaried,605,1319343,Home,32640,22.14,240,52,1
55,60201,Salaried,371,4940707,Home,75997,100,240,8.6,0
49,74251,Salaried,518,3544627,Home,12366,16.65,84,43.3,1
58,87572,Self-Employed,472,217659,Home,29895,34.14,48,9.3,0
28,54255,Self-Employed,571,3461236,Business,1785,3.29,48,55.3,0
25,78212,Salaried,767,2140717,Business,6242,7.98,240,83.4,1
58,65210,Salaried,568,563993,Education,24529,37.62,48,57.8,0
22,140629,Salaried,319,3907176,Business,64399,45.79,180,0,0
22,37499,Self-Employed,877,560684,Car,6356,16.95,240,100,1
